{
	"editor": {
		"backDropShape": "entity/land/ceratopsidae/triceratops/adult",
		"collapsedPaths": "Root/Leather square center,Root/Center/Strap Main2/Main strap top R2,Root/Main Saddle bottom,Root/Mainstrap  bulge  L,Root/Leather square center2,Root,Root/Strap Main/Main strap top L,Root/Strap Main/Main strap top R,Root/Strap Main2,Root/Strap Main2/Main strap top L2,Root/Strap Main,Root/Leather square center/Leather square center L,Root/Center/Bar,Root/Center/Cube2,Root/Center/Cube9,Root/Ring L,Root/Center/Strap Main2/Main strap top L2,Root/Ring R,Root/Main strap bottom L2,Root/Main strap top R,Root/Leather square center/Leather square center L9,Root/Main strap bottom L,Root/Main strap top L,Root/Leather square center2/Leather square center L3,Root/Center/Strap Main/Main strap top L4,Root/Center/Cube12,Root/Center/Cube18,Root/Main Saddle bottom/Saddle Back In",
		"allAngles": true,
		"entityTextureMode": false
	},
	"textureWidth": 16,
	"textureHeight": 16,
	"textureSizes": {
	},
	"textures": {
	},
	"elements": [
		{
			"name": "Center",
			"stepParentName": "Head",
			"from": [ 41.6, -41.4, -0.88 ],
			"to": [ 41.6, -41.4, -0.88 ],
			"rotationOrigin": [ 32.0, 10.6, 5.52 ],
			"faces": {
				"north": { "texture": "#plain", "uv": [ 0.0, 0.0, 0.5, 0.5 ], "autoUv": false },
				"east": { "texture": "#plain", "uv": [ 0.0, 0.0, 0.5, 0.5 ], "autoUv": false },
				"south": { "texture": "#plain", "uv": [ 0.0, 0.0, 0.5, 0.5 ], "autoUv": false },
				"west": { "texture": "#plain", "uv": [ 0.0, 0.0, 0.5, 0.5 ], "autoUv": false },
				"up": { "texture": "#plain", "uv": [ 0.0, 0.0, 0.5, 0.5 ], "autoUv": false },
				"down": { "texture": "#plain", "uv": [ 0.0, 0.0, 0.5, 0.5 ], "autoUv": false }
			},
			"children": [
				{
					"name": "Strap Main",
					"from": [ -38.56, 58.6, 4.24 ],
					"to": [ -38.56, 58.6, 4.24 ],
					"rotationOrigin": [ -34.92, 53.4, 7.36 ],
					"faces": {
						"north": { "texture": "#plain", "uv": [ 0.0, 0.0, 0.5, 0.5 ], "autoUv": false },
						"east": { "texture": "#plain", "uv": [ 0.0, 0.0, 0.5, 0.5 ], "autoUv": false },
						"south": { "texture": "#plain", "uv": [ 0.0, 0.0, 0.5, 0.5 ], "autoUv": false },
						"west": { "texture": "#plain", "uv": [ 0.0, 0.0, 0.5, 0.5 ], "autoUv": false },
						"up": { "texture": "#plain", "uv": [ 0.0, 0.0, 0.5, 0.5 ], "autoUv": false },
						"down": { "texture": "#plain", "uv": [ 0.0, 0.0, 0.5, 0.5 ], "autoUv": false }
					},
					"children": [
						{
							"name": "Main strap top L",
							"from": [ 2.6, -4.16, 9.36 ],
							"to": [ 4.68, -3.12, 9.88 ],
							"rotationOrigin": [ 2.6, -4.16, 9.36 ],
							"rotationX": 3.0,
							"faces": {
								"north": { "texture": "#plain", "uv": [ 0.0, 0.0, 4.0, 2.0 ], "autoUv": false },
								"east": { "texture": "#plain", "uv": [ 0.0, 0.0, 1.0, 2.0 ], "autoUv": false },
								"south": { "texture": "#plain", "uv": [ 0.0, 0.0, 4.0, 2.0 ], "autoUv": false },
								"west": { "texture": "#plain", "uv": [ 0.0, 0.0, 1.0, 2.0 ], "autoUv": false },
								"up": { "texture": "#plain", "uv": [ 0.0, 0.0, 4.0, 1.0 ], "autoUv": false },
								"down": { "texture": "#plain", "uv": [ 0.0, 0.0, 4.0, 1.0 ], "autoUv": false }
							},
							"children": [
								{
									"name": "Strap bulge L",
									"from": [ 0.0, -0.156, -0.26 ],
									"to": [ 2.08, 0.676, 0.78 ],
									"rotationOrigin": [ 0.0, -0.156, -0.26 ],
									"faces": {
										"north": { "texture": "#plain", "uv": [ 0.0, 0.0, 4.0, 1.5 ], "autoUv": false },
										"east": { "texture": "#plain", "uv": [ 0.0, 0.0, 2.0, 1.5 ], "autoUv": false },
										"south": { "texture": "#plain", "uv": [ 0.0, 0.0, 4.0, 1.5 ], "autoUv": false },
										"west": { "texture": "#plain", "uv": [ 0.0, 0.0, 2.0, 1.5 ], "autoUv": false },
										"up": { "texture": "#plain", "uv": [ 0.0, 0.0, 4.0, 2.0 ], "autoUv": false },
										"down": { "texture": "#plain", "uv": [ 0.0, 0.0, 4.0, 2.0 ], "autoUv": false }
									}
								},
								{
									"name": "Ring L",
									"from": [ -0.26, 0.0, 0.0 ],
									"to": [ 2.34, 0.52, 0.52 ],
									"rotationOrigin": [ -0.26, 0.0, 0.26 ],
									"faces": {
										"north": { "texture": "#steel", "uv": [ 0.0, 0.0, 5.0, 1.0 ], "autoUv": false },
										"east": { "texture": "#steel", "uv": [ 0.0, 0.0, 1.0, 1.0 ], "autoUv": false },
										"south": { "texture": "#steel", "uv": [ 6.0, 7.5, 11.0, 8.5 ], "autoUv": false },
										"west": { "texture": "#steel", "uv": [ 0.0, 0.0, 1.0, 1.0 ], "autoUv": false },
										"up": { "texture": "#steel", "uv": [ 0.0, 0.0, 5.0, 1.0 ], "autoUv": false },
										"down": { "texture": "#steel", "uv": [ 0.0, 0.0, 5.0, 1.0 ], "autoUv": false }
									},
									"children": [
										{
											"name": "Ring L1",
											"from": [ 2.6, -2.08, 0.0 ],
											"to": [ 3.12, 0.0, 0.52 ],
											"rotationOrigin": [ 2.6, -2.08, 0.26 ],
											"faces": {
												"north": { "texture": "#steel", "uv": [ 0.0, 0.0, 1.0, 4.0 ], "autoUv": false },
												"east": { "texture": "#steel", "uv": [ 0.0, 0.0, 1.0, 4.0 ], "autoUv": false },
												"south": { "texture": "#steel", "uv": [ 0.0, 0.0, 1.0, 4.0 ], "autoUv": false },
												"west": { "texture": "#steel", "uv": [ 0.0, 0.0, 1.0, 4.0 ], "autoUv": false },
												"up": { "texture": "#steel", "uv": [ 0.0, 0.0, 1.0, 1.0 ], "autoUv": false },
												"down": { "texture": "#steel", "uv": [ 0.0, 0.0, 1.0, 1.0 ], "autoUv": false }
											}
										},
										{
											"name": "Ring L2",
											"from": [ -0.52, -2.08, 0.0 ],
											"to": [ 0.0, 0.0, 0.52 ],
											"rotationOrigin": [ -0.52, -2.08, 0.26 ],
											"faces": {
												"north": { "texture": "#steel", "uv": [ 0.0, 0.0, 1.0, 4.0 ], "autoUv": false },
												"east": { "texture": "#steel", "uv": [ 0.0, 0.0, 1.0, 4.0 ], "autoUv": false },
												"south": { "texture": "#steel", "uv": [ 0.0, 0.0, 1.0, 4.0 ], "autoUv": false },
												"west": { "texture": "#steel", "uv": [ 0.0, 0.0, 1.0, 4.0 ], "autoUv": false },
												"up": { "texture": "#steel", "uv": [ 0.0, 0.0, 1.0, 1.0 ], "autoUv": false },
												"down": { "texture": "#steel", "uv": [ 0.0, 0.0, 1.0, 1.0 ], "autoUv": false }
											}
										},
										{
											"name": "Ring L3",
											"from": [ 0.0, -2.6, 0.0 ],
											"to": [ 2.6, -2.08, 0.52 ],
											"rotationOrigin": [ 0.0, -2.6, 0.26 ],
											"faces": {
												"north": { "texture": "#steel", "uv": [ 0.0, 0.0, 5.0, 1.0 ], "autoUv": false },
												"east": { "texture": "#steel", "uv": [ 0.0, 0.0, 1.0, 1.0 ], "autoUv": false },
												"south": { "texture": "#steel", "uv": [ 5.5, 7.0, 10.5, 8.0 ], "autoUv": false },
												"west": { "texture": "#steel", "uv": [ 0.0, 0.0, 1.0, 1.0 ], "autoUv": false },
												"up": { "texture": "#steel", "uv": [ 5.5, 7.5, 10.5, 8.5 ], "autoUv": false },
												"down": { "texture": "#steel", "uv": [ 0.0, 0.0, 5.0, 1.0 ], "autoUv": false }
											}
										}
									]
								},
								{
									"name": "Main strap bottom L",
									"from": [ 0.0, -10.92, 0.0 ],
									"to": [ 2.08, -2.08, 0.52 ],
									"rotationOrigin": [ 0.0, -10.92, 0.0 ],
									"faces": {
										"north": { "texture": "#plain", "uv": [ 0.0, 0.0, 4.0, 17.0 ], "autoUv": false },
										"east": { "texture": "#plain", "uv": [ 0.0, 0.0, 1.0, 16.0 ], "autoUv": false },
										"south": { "texture": "#plain", "uv": [ 0.0, 0.0, 16.0, 4.0 ], "rotation": 90, "autoUv": false },
										"west": { "texture": "#plain", "uv": [ 0.0, 0.0, 1.0, 16.0 ], "autoUv": false },
										"up": { "texture": "#plain", "uv": [ 0.0, 0.0, 4.0, 1.0 ], "autoUv": false },
										"down": { "texture": "#plain", "uv": [ 0.0, 0.0, 4.0, 1.0 ], "autoUv": false }
									},
									"children": [
										{
											"name": "Mainstrap  bulge  L",
											"from": [ 0.0, 8.164, -0.26 ],
											"to": [ 2.08, 8.996, 0.78 ],
											"rotationOrigin": [ 0.0, 8.164, -0.26 ],
											"faces": {
												"north": { "texture": "#plain", "uv": [ 0.0, 0.0, 4.0, 1.5 ], "autoUv": false },
												"east": { "texture": "#plain", "uv": [ 0.0, 0.0, 2.0, 1.5 ], "autoUv": false },
												"south": { "texture": "#plain", "uv": [ 0.0, 0.0, 4.0, 1.5 ], "autoUv": false },
												"west": { "texture": "#plain", "uv": [ 0.0, 0.0, 2.0, 1.5 ], "autoUv": false },
												"up": { "texture": "#plain", "uv": [ 0.0, 0.0, 4.0, 2.0 ], "autoUv": false },
												"down": { "texture": "#plain", "uv": [ 0.0, 0.0, 4.0, 2.0 ], "autoUv": false }
											}
										},
										{
											"name": "Mainstrap  bulge  L1",
											"from": [ 0.0, -2.78, -0.06 ],
											"to": [ 2.08, 0.02, 0.46 ],
											"rotationOrigin": [ 0.0, -0.18, 0.46 ],
											"rotationX": 8.0,
											"faces": {
												"north": { "texture": "#plain", "uv": [ 0.0, 0.0, 4.0, 5.0 ], "autoUv": false },
												"east": { "texture": "#plain", "uv": [ 0.0, 0.0, 1.0, 5.0 ], "autoUv": false },
												"south": { "texture": "#plain", "uv": [ 0.0, 0.0, 5.0, 4.0 ], "rotation": 90, "autoUv": false },
												"west": { "texture": "#plain", "uv": [ 0.0, 0.0, 1.0, 5.0 ], "autoUv": false },
												"up": { "texture": "#plain", "uv": [ 0.0, 0.0, 4.0, 1.0 ], "autoUv": false },
												"down": { "texture": "#plain", "uv": [ 0.0, 0.0, 4.0, 1.0 ], "autoUv": false }
											}
										}
									]
								}
							]
						},
						{
							"name": "Main strap top L2",
							"from": [ 2.6, -4.16, 9.36 ],
							"to": [ 4.68, 0.28, 9.88 ],
							"rotationOrigin": [ 2.6, -4.16, 9.36 ],
							"rotationX": -8.0,
							"faces": {
								"north": { "texture": "#plain", "uv": [ 0.0, 0.0, 4.0, 2.0 ], "autoUv": false },
								"east": { "texture": "#plain", "uv": [ 0.0, 0.0, 1.0, 2.0 ], "autoUv": false },
								"south": { "texture": "#plain", "uv": [ 0.0, 0.0, 4.0, 2.0 ], "autoUv": false },
								"west": { "texture": "#plain", "uv": [ 0.0, 0.0, 1.0, 2.0 ], "autoUv": false },
								"up": { "texture": "#plain", "uv": [ 0.0, 0.0, 4.0, 1.0 ], "autoUv": false },
								"down": { "texture": "#plain", "uv": [ 0.0, 0.0, 4.0, 1.0 ], "autoUv": false }
							},
							"children": [
								{
									"name": "Main strap top L3",
									"from": [ 0.0, 3.4074, 0.0194 ],
									"to": [ 2.08, 6.4474, 0.5394 ],
									"rotationOrigin": [ 0.0, 3.4074, 0.4994 ],
									"rotationX": -3.0,
									"faces": {
										"north": { "texture": "#plain", "uv": [ 0.0, 0.0, 4.0, 2.0 ], "autoUv": false },
										"east": { "texture": "#plain", "uv": [ 0.0, 0.0, 1.0, 2.0 ], "autoUv": false },
										"south": { "texture": "#plain", "uv": [ 0.0, 0.0, 4.0, 2.0 ], "autoUv": false },
										"west": { "texture": "#plain", "uv": [ 0.0, 0.0, 1.0, 2.0 ], "autoUv": false },
										"up": { "texture": "#plain", "uv": [ 0.0, 0.0, 4.0, 1.0 ], "autoUv": false },
										"down": { "texture": "#plain", "uv": [ 0.0, 0.0, 4.0, 1.0 ], "autoUv": false }
									}
								}
							]
						},
						{
							"name": "Main strap top L6",
							"from": [ 4.68, -4.16, -4.24 ],
							"to": [ 6.76, -0.72, -3.72 ],
							"rotationOrigin": [ 4.68, -4.16, -4.24 ],
							"rotationX": 8.0,
							"rotationY": 180.0,
							"faces": {
								"north": { "texture": "#plain", "uv": [ 0.0, 0.0, 4.0, 2.0 ], "autoUv": false },
								"east": { "texture": "#plain", "uv": [ 0.0, 0.0, 1.0, 2.0 ], "autoUv": false },
								"south": { "texture": "#plain", "uv": [ 0.0, 0.0, 4.0, 2.0 ], "autoUv": false },
								"west": { "texture": "#plain", "uv": [ 0.0, 0.0, 1.0, 2.0 ], "autoUv": false },
								"up": { "texture": "#plain", "uv": [ 0.0, 0.0, 4.0, 1.0 ], "autoUv": false },
								"down": { "texture": "#plain", "uv": [ 0.0, 0.0, 4.0, 1.0 ], "autoUv": false }
							},
							"children": [
								{
									"name": "Main strap top L7",
									"from": [ 0.0, 3.4074, 0.0194 ],
									"to": [ 2.08, 6.4474, 0.5394 ],
									"rotationOrigin": [ 0.0, 3.4074, 0.4994 ],
									"rotationX": -3.0,
									"faces": {
										"north": { "texture": "#plain", "uv": [ 0.0, 0.0, 4.0, 2.0 ], "autoUv": false },
										"east": { "texture": "#plain", "uv": [ 0.0, 0.0, 1.0, 2.0 ], "autoUv": false },
										"south": { "texture": "#plain", "uv": [ 0.0, 0.0, 4.0, 2.0 ], "autoUv": false },
										"west": { "texture": "#plain", "uv": [ 0.0, 0.0, 1.0, 2.0 ], "autoUv": false },
										"up": { "texture": "#plain", "uv": [ 0.0, 0.0, 4.0, 1.0 ], "autoUv": false },
										"down": { "texture": "#plain", "uv": [ 0.0, 0.0, 4.0, 1.0 ], "autoUv": false }
									}
								}
							]
						},
						{
							"name": "Main strap top L9",
							"from": [ 4.68, -4.16, -4.24 ],
							"to": [ 6.76, -3.12, -3.72 ],
							"rotationOrigin": [ 4.68, -4.16, -4.24 ],
							"rotationX": -3.0,
							"rotationY": 180.0,
							"faces": {
								"north": { "texture": "#plain", "uv": [ 0.0, 0.0, 4.0, 2.0 ], "autoUv": false },
								"east": { "texture": "#plain", "uv": [ 0.0, 0.0, 1.0, 2.0 ], "autoUv": false },
								"south": { "texture": "#plain", "uv": [ 0.0, 0.0, 4.0, 2.0 ], "autoUv": false },
								"west": { "texture": "#plain", "uv": [ 0.0, 0.0, 1.0, 2.0 ], "autoUv": false },
								"up": { "texture": "#plain", "uv": [ 0.0, 0.0, 4.0, 1.0 ], "autoUv": false },
								"down": { "texture": "#plain", "uv": [ 0.0, 0.0, 4.0, 1.0 ], "autoUv": false }
							},
							"children": [
								{
									"name": "Strap bulge L2",
									"from": [ 0.0, -0.156, -0.26 ],
									"to": [ 2.08, 0.676, 0.78 ],
									"rotationOrigin": [ 0.0, -0.156, -0.26 ],
									"faces": {
										"north": { "texture": "#plain", "uv": [ 0.0, 0.0, 4.0, 1.5 ], "autoUv": false },
										"east": { "texture": "#plain", "uv": [ 0.0, 0.0, 2.0, 1.5 ], "autoUv": false },
										"south": { "texture": "#plain", "uv": [ 0.0, 0.0, 4.0, 1.5 ], "autoUv": false },
										"west": { "texture": "#plain", "uv": [ 0.0, 0.0, 2.0, 1.5 ], "autoUv": false },
										"up": { "texture": "#plain", "uv": [ 0.0, 0.0, 4.0, 2.0 ], "autoUv": false },
										"down": { "texture": "#plain", "uv": [ 0.0, 0.0, 4.0, 2.0 ], "autoUv": false }
									}
								},
								{
									"name": "Ring L4",
									"from": [ -0.26, 0.0, 0.0 ],
									"to": [ 2.34, 0.52, 0.52 ],
									"rotationOrigin": [ -0.26, 0.0, 0.26 ],
									"faces": {
										"north": { "texture": "#steel", "uv": [ 0.0, 0.0, 5.0, 1.0 ], "autoUv": false },
										"east": { "texture": "#steel", "uv": [ 0.0, 0.0, 1.0, 1.0 ], "autoUv": false },
										"south": { "texture": "#steel", "uv": [ 6.0, 7.5, 11.0, 8.5 ], "autoUv": false },
										"west": { "texture": "#steel", "uv": [ 0.0, 0.0, 1.0, 1.0 ], "autoUv": false },
										"up": { "texture": "#steel", "uv": [ 0.0, 0.0, 5.0, 1.0 ], "autoUv": false },
										"down": { "texture": "#steel", "uv": [ 0.0, 0.0, 5.0, 1.0 ], "autoUv": false }
									},
									"children": [
										{
											"name": "Ring L5",
											"from": [ 2.6, -2.08, 0.0 ],
											"to": [ 3.12, 0.0, 0.52 ],
											"rotationOrigin": [ 2.6, -2.08, 0.26 ],
											"faces": {
												"north": { "texture": "#steel", "uv": [ 0.0, 0.0, 1.0, 4.0 ], "autoUv": false },
												"east": { "texture": "#steel", "uv": [ 0.0, 0.0, 1.0, 4.0 ], "autoUv": false },
												"south": { "texture": "#steel", "uv": [ 0.0, 0.0, 1.0, 4.0 ], "autoUv": false },
												"west": { "texture": "#steel", "uv": [ 0.0, 0.0, 1.0, 4.0 ], "autoUv": false },
												"up": { "texture": "#steel", "uv": [ 0.0, 0.0, 1.0, 1.0 ], "autoUv": false },
												"down": { "texture": "#steel", "uv": [ 0.0, 0.0, 1.0, 1.0 ], "autoUv": false }
											}
										},
										{
											"name": "Ring L6",
											"from": [ -0.52, -2.08, 0.0 ],
											"to": [ 0.0, 0.0, 0.52 ],
											"rotationOrigin": [ -0.52, -2.08, 0.26 ],
											"faces": {
												"north": { "texture": "#steel", "uv": [ 0.0, 0.0, 1.0, 4.0 ], "autoUv": false },
												"east": { "texture": "#steel", "uv": [ 0.0, 0.0, 1.0, 4.0 ], "autoUv": false },
												"south": { "texture": "#steel", "uv": [ 0.0, 0.0, 1.0, 4.0 ], "autoUv": false },
												"west": { "texture": "#steel", "uv": [ 0.0, 0.0, 1.0, 4.0 ], "autoUv": false },
												"up": { "texture": "#steel", "uv": [ 0.0, 0.0, 1.0, 1.0 ], "autoUv": false },
												"down": { "texture": "#steel", "uv": [ 0.0, 0.0, 1.0, 1.0 ], "autoUv": false }
											}
										},
										{
											"name": "Ring L7",
											"from": [ 0.0, -2.6, 0.0 ],
											"to": [ 2.6, -2.08, 0.52 ],
											"rotationOrigin": [ 0.0, -2.6, 0.26 ],
											"faces": {
												"north": { "texture": "#steel", "uv": [ 0.0, 0.0, 5.0, 1.0 ], "autoUv": false },
												"east": { "texture": "#steel", "uv": [ 0.0, 0.0, 1.0, 1.0 ], "autoUv": false },
												"south": { "texture": "#steel", "uv": [ 5.5, 7.0, 10.5, 8.0 ], "autoUv": false },
												"west": { "texture": "#steel", "uv": [ 0.0, 0.0, 1.0, 1.0 ], "autoUv": false },
												"up": { "texture": "#steel", "uv": [ 5.5, 7.5, 10.5, 8.5 ], "autoUv": false },
												"down": { "texture": "#steel", "uv": [ 0.0, 0.0, 5.0, 1.0 ], "autoUv": false }
											}
										}
									]
								},
								{
									"name": "Main strap bottom L2",
									"from": [ 0.0, -10.92, 0.0 ],
									"to": [ 2.08, -2.08, 0.52 ],
									"rotationOrigin": [ 0.0, -10.92, 0.0 ],
									"faces": {
										"north": { "texture": "#plain", "uv": [ 0.0, 0.0, 4.0, 16.0 ], "autoUv": false },
										"east": { "texture": "#plain", "uv": [ 0.0, 0.0, 1.0, 16.0 ], "autoUv": false },
										"south": { "texture": "#plain", "uv": [ 0.0, 0.0, 16.0, 4.0 ], "rotation": 90, "autoUv": false },
										"west": { "texture": "#plain", "uv": [ 0.0, 0.0, 1.0, 16.0 ], "autoUv": false },
										"up": { "texture": "#plain", "uv": [ 0.0, 0.0, 4.0, 1.0 ], "autoUv": false },
										"down": { "texture": "#plain", "uv": [ 0.0, 0.0, 4.0, 1.0 ], "autoUv": false }
									},
									"children": [
										{
											"name": "Mainstrap  bulge  L2",
											"from": [ 0.0, 8.164, -0.26 ],
											"to": [ 2.08, 8.996, 0.78 ],
											"rotationOrigin": [ 0.0, 8.164, -0.26 ],
											"faces": {
												"north": { "texture": "#plain", "uv": [ 0.0, 0.0, 4.0, 1.5 ], "autoUv": false },
												"east": { "texture": "#plain", "uv": [ 0.0, 0.0, 2.0, 1.5 ], "autoUv": false },
												"south": { "texture": "#plain", "uv": [ 0.0, 0.0, 4.0, 1.5 ], "autoUv": false },
												"west": { "texture": "#plain", "uv": [ 0.0, 0.0, 2.0, 1.5 ], "autoUv": false },
												"up": { "texture": "#plain", "uv": [ 0.0, 0.0, 4.0, 2.0 ], "autoUv": false },
												"down": { "texture": "#plain", "uv": [ 0.0, 0.0, 4.0, 2.0 ], "autoUv": false }
											}
										},
										{
											"name": "Mainstrap  bulge  L3",
											"from": [ 0.0, -2.78, -0.06 ],
											"to": [ 2.08, 0.52, 0.46 ],
											"rotationOrigin": [ 0.0, -0.18, 0.46 ],
											"rotationX": 8.0,
											"faces": {
												"north": { "texture": "#plain", "uv": [ 0.0, 0.0, 4.0, 5.0 ], "autoUv": false },
												"east": { "texture": "#plain", "uv": [ 0.0, 0.0, 1.0, 5.0 ], "autoUv": false },
												"south": { "texture": "#plain", "uv": [ 0.0, 0.0, 5.0, 4.0 ], "rotation": 90, "autoUv": false },
												"west": { "texture": "#plain", "uv": [ 0.0, 0.0, 1.0, 5.0 ], "autoUv": false },
												"up": { "texture": "#plain", "uv": [ 0.0, 0.0, 4.0, 1.0 ], "autoUv": false },
												"down": { "texture": "#plain", "uv": [ 0.0, 0.0, 4.0, 1.0 ], "autoUv": false }
											}
										}
									]
								}
							]
						}
					]
				},
				{
					"name": "Main strap top L8",
					"from": [ -33.88, 60.34, 11.96 ],
					"to": [ -31.8, 60.86, 24.16 ],
					"rotationOrigin": [ -33.88, 60.38, 12.44 ],
					"rotationX": -180.0,
					"rotationZ": 180.0,
					"faces": {
						"north": { "texture": "#plain", "uv": [ 0.0, 0.0, 16.0, 2.0 ], "autoUv": false },
						"east": { "texture": "#plain", "uv": [ 0.0, 0.0, 1.0, 2.0 ], "autoUv": false },
						"south": { "texture": "#plain", "uv": [ 0.0, 0.0, 16.0, 2.0 ], "autoUv": false },
						"west": { "texture": "#plain", "uv": [ 0.0, 0.0, 1.0, 2.0 ], "autoUv": false },
						"up": { "texture": "#plain", "uv": [ 0.0, 0.0, 16.0, 1.0 ], "autoUv": false },
						"down": { "texture": "#plain", "uv": [ 0.0, 0.0, 16.0, 1.0 ], "autoUv": false }
					}
				},
				{
					"name": "Main strap top L5",
					"from": [ -35.96, 40.78, 0.72 ],
					"to": [ -33.88, 41.3, 12.84 ],
					"rotationOrigin": [ -35.96, 41.82, 1.2 ],
					"faces": {
						"north": { "texture": "#plain", "uv": [ 0.0, 0.0, 16.0, 2.0 ], "autoUv": false },
						"east": { "texture": "#plain", "uv": [ 0.0, 0.0, 1.0, 2.0 ], "autoUv": false },
						"south": { "texture": "#plain", "uv": [ 0.0, 0.0, 16.0, 2.0 ], "autoUv": false },
						"west": { "texture": "#plain", "uv": [ 0.0, 0.0, 1.0, 2.0 ], "autoUv": false },
						"up": { "texture": "#plain", "uv": [ 0.0, 0.0, 16.0, 1.0 ], "autoUv": false },
						"down": { "texture": "#plain", "uv": [ 0.0, 0.0, 16.0, 1.0 ], "autoUv": false }
					}
				},
				{
					"name": "Bar",
					"from": [ -42.4, 47.2, -0.4 ],
					"to": [ -41.2, 48.4, 14.0 ],
					"rotationOrigin": [ -2.4, 9.6, -0.4 ],
					"faces": {
						"north": { "texture": "#steel", "uv": [ 0.0, 0.0, 1.5, 1.5 ], "autoUv": false },
						"east": { "texture": "#steel", "uv": [ 0.0, 0.0, 16.0, 1.5 ], "autoUv": false },
						"south": { "texture": "#steel", "uv": [ 0.0, 0.0, 1.5, 1.5 ], "autoUv": false },
						"west": { "texture": "#steel", "uv": [ 0.0, 0.0, 16.0, 1.5 ], "autoUv": false },
						"up": { "texture": "#steel", "uv": [ 0.0, 0.0, 1.5, 16.0 ], "autoUv": false },
						"down": { "texture": "#steel", "uv": [ 0.0, 0.0, 1.5, 16.0 ], "autoUv": false }
					},
					"children": [
						{
							"name": "Cube3",
							"from": [ -0.48, -0.64, 0.16 ],
							"to": [ 1.92, 1.76, 0.96 ],
							"rotationOrigin": [ -0.48, -0.64, 0.16 ],
							"faces": {
								"north": { "texture": "#brass", "uv": [ 0.0, 0.0, 3.0, 3.0 ], "autoUv": false },
								"east": { "texture": "#brass", "uv": [ 0.0, 0.0, 1.0, 3.0 ], "autoUv": false },
								"south": { "texture": "#brass", "uv": [ 0.0, 0.0, 3.0, 3.0 ], "autoUv": false },
								"west": { "texture": "#brass", "uv": [ 0.0, 0.0, 1.0, 3.0 ], "autoUv": false },
								"up": { "texture": "#brass", "uv": [ 0.0, 0.0, 3.0, 1.0 ], "autoUv": false },
								"down": { "texture": "#brass", "uv": [ 0.0, 0.0, 3.0, 1.0 ], "autoUv": false }
							}
						},
						{
							"name": "Cube4",
							"from": [ -0.48, -0.64, 13.44 ],
							"to": [ 1.92, 1.76, 14.24 ],
							"rotationOrigin": [ -0.88, -1.84, 13.44 ],
							"faces": {
								"north": { "texture": "#brass", "uv": [ 0.0, 0.0, 3.0, 3.0 ], "autoUv": false },
								"east": { "texture": "#brass", "uv": [ 0.0, 0.0, 1.0, 3.0 ], "autoUv": false },
								"south": { "texture": "#brass", "uv": [ 0.0, 0.0, 3.0, 3.0 ], "autoUv": false },
								"west": { "texture": "#brass", "uv": [ 0.0, 0.0, 1.0, 3.0 ], "autoUv": false },
								"up": { "texture": "#brass", "uv": [ 0.0, 0.0, 3.0, 1.0 ], "autoUv": false },
								"down": { "texture": "#brass", "uv": [ 0.0, 0.0, 3.0, 1.0 ], "autoUv": false }
							}
						}
					]
				},
				{
					"name": "Cube5",
					"from": [ -42.0, 47.6, 11.6 ],
					"to": [ -32.8, 48.8, 12.8 ],
					"rotationOrigin": [ -42.0, 47.6, 11.6 ],
					"rotationY": -39.0,
					"rotationZ": -44.0,
					"faces": {
						"north": { "texture": "#plain", "uv": [ 0.0, 0.0, 10.5, 1.5 ], "autoUv": false },
						"east": { "texture": "#plain", "uv": [ 0.0, 0.0, 1.5, 1.5 ], "autoUv": false },
						"south": { "texture": "#plain", "uv": [ 0.0, 0.0, 10.5, 1.5 ], "autoUv": false },
						"west": { "texture": "#plain", "uv": [ 0.0, 0.0, 1.5, 1.5 ], "autoUv": false },
						"up": { "texture": "#plain", "uv": [ 0.0, 0.0, 10.5, 1.5 ], "autoUv": false },
						"down": { "texture": "#plain", "uv": [ 0.0, 0.0, 10.5, 1.5 ], "autoUv": false }
					},
					"children": [
						{
							"name": "Cube6",
							"from": [ 9.0887, -0.1202, 0.3158 ],
							"to": [ 52.7687, 1.0798, 1.5158 ],
							"rotationOrigin": [ 9.0888, -0.1202, 0.3158 ],
							"rotationX": -25.0,
							"rotationY": 5.0673,
							"rotationZ": 80.0,
							"faces": {
								"north": { "texture": "#plain", "uv": [ 0.0, 0.0, 16.0, 1.5 ], "autoUv": false },
								"east": { "texture": "#plain", "uv": [ 0.0, 0.0, 1.5, 1.5 ], "autoUv": false },
								"south": { "texture": "#plain", "uv": [ 0.0, 0.0, 16.0, 1.5 ], "autoUv": false },
								"west": { "texture": "#plain", "uv": [ 0.0, 0.0, 1.5, 1.5 ], "autoUv": false },
								"up": { "texture": "#plain", "uv": [ 0.0, 0.0, 16.0, 1.5 ], "autoUv": false },
								"down": { "texture": "#plain", "uv": [ 0.0, 0.0, 16.0, 1.5 ], "autoUv": false }
							}
						}
					]
				},
				{
					"name": "Cube9",
					"from": [ -42.0, 47.6, 1.2 ],
					"to": [ -32.8, 48.8, 2.4 ],
					"rotationOrigin": [ -42.0, 47.6, 2.32 ],
					"rotationY": 39.0,
					"rotationZ": -44.0,
					"faces": {
						"north": { "texture": "#plain", "uv": [ 0.0, 0.0, 11.5, 1.5 ], "autoUv": false },
						"east": { "texture": "#plain", "uv": [ 0.0, 0.0, 1.5, 1.5 ], "autoUv": false },
						"south": { "texture": "#plain", "uv": [ 0.0, 0.0, 11.5, 1.5 ], "autoUv": false },
						"west": { "texture": "#plain", "uv": [ 0.0, 0.0, 1.5, 1.5 ], "autoUv": false },
						"up": { "texture": "#plain", "uv": [ 0.0, 0.0, 11.5, 1.5 ], "autoUv": false },
						"down": { "texture": "#plain", "uv": [ 0.0, 0.0, 11.5, 1.5 ], "autoUv": false }
					},
					"children": [
						{
							"name": "Cube10",
							"from": [ 9.07, -0.1382, -0.3202 ],
							"to": [ 52.59, 1.0618, 0.8798 ],
							"rotationOrigin": [ 9.07, -0.1382, 0.8798 ],
							"rotationX": 25.0,
							"rotationY": -5.07,
							"rotationZ": 80.0,
							"faces": {
								"north": { "texture": "#plain", "uv": [ 0.0, 0.0, 16.0, 1.5 ], "autoUv": false },
								"east": { "texture": "#plain", "uv": [ 0.0, 0.0, 1.5, 1.5 ], "autoUv": false },
								"south": { "texture": "#plain", "uv": [ 0.0, 0.0, 16.0, 1.5 ], "autoUv": false },
								"west": { "texture": "#plain", "uv": [ 0.0, 0.0, 1.5, 1.5 ], "autoUv": false },
								"up": { "texture": "#plain", "uv": [ 0.0, 0.0, 16.0, 1.5 ], "autoUv": false },
								"down": { "texture": "#plain", "uv": [ 0.0, 0.0, 16.0, 1.5 ], "autoUv": false }
							}
						}
					]
				},
				{
					"name": "Cube12",
					"from": [ -41.2, 47.6, 12.4 ],
					"to": [ -33.6, 48.8, 13.6 ],
					"rotationOrigin": [ -41.2, 47.6, 12.96 ],
					"rotationY": -11.0,
					"rotationZ": 47.0,
					"faces": {
						"north": { "texture": "#plain", "uv": [ 0.0, 0.0, 9.5, 1.5 ], "autoUv": false },
						"east": { "texture": "#plain", "uv": [ 0.0, 0.0, 1.5, 1.5 ], "autoUv": false },
						"south": { "texture": "#plain", "uv": [ 0.0, 0.0, 9.5, 1.5 ], "autoUv": false },
						"west": { "texture": "#plain", "uv": [ 0.0, 0.0, 1.5, 1.5 ], "autoUv": false },
						"up": { "texture": "#plain", "uv": [ 0.0, 0.0, 9.5, 1.5 ], "autoUv": false },
						"down": { "texture": "#plain", "uv": [ 0.0, 0.0, 9.5, 1.5 ], "autoUv": false }
					},
					"children": [
						{
							"name": "Cube14",
							"from": [ 6.2523, -0.367, -0.0636 ],
							"to": [ 7.4523, 0.833, 1.1364 ],
							"rotationOrigin": [ 7.4523, -0.367, 0.4164 ],
							"rotationX": 8.091,
							"rotationY": 7.4772,
							"rotationZ": -47.5296,
							"faces": {
								"north": { "texture": "#plain", "uv": [ 0.0, 0.0, 1.5, 1.5 ], "autoUv": false },
								"east": { "texture": "#plain", "uv": [ 0.0, 0.0, 1.5, 1.5 ], "autoUv": false },
								"south": { "texture": "#plain", "uv": [ 0.0, 0.0, 1.5, 1.5 ], "autoUv": false },
								"west": { "texture": "#plain", "uv": [ 0.0, 0.0, 1.5, 1.5 ], "autoUv": false },
								"up": { "texture": "#plain", "uv": [ 0.0, 0.0, 1.5, 1.5 ], "autoUv": false },
								"down": { "texture": "#plain", "uv": [ 0.0, 0.0, 1.5, 1.5 ], "autoUv": false }
							}
						}
					]
				},
				{
					"name": "Cube18",
					"from": [ -41.2, 47.6, 0.4 ],
					"to": [ -33.6, 48.8, 1.6 ],
					"rotationOrigin": [ -41.2, 47.6, 0.96 ],
					"rotationY": 11.0,
					"rotationZ": 47.0,
					"faces": {
						"north": { "texture": "#plain", "uv": [ 0.0, 0.0, 9.5, 1.5 ], "autoUv": false },
						"east": { "texture": "#plain", "uv": [ 0.0, 0.0, 1.5, 1.5 ], "autoUv": false },
						"south": { "texture": "#plain", "uv": [ 0.0, 0.0, 9.5, 1.5 ], "autoUv": false },
						"west": { "texture": "#plain", "uv": [ 0.0, 0.0, 1.5, 1.5 ], "autoUv": false },
						"up": { "texture": "#plain", "uv": [ 0.0, 0.0, 9.5, 1.5 ], "autoUv": false },
						"down": { "texture": "#plain", "uv": [ 0.0, 0.0, 9.5, 1.5 ], "autoUv": false }
					},
					"children": [
						{
							"name": "Cube19",
							"from": [ 6.3044, -0.4228, -0.169 ],
							"to": [ 7.5044, 0.7772, 1.031 ],
							"rotationOrigin": [ 7.5044, -0.4228, 0.311 ],
							"rotationX": -8.091,
							"rotationY": -7.4772,
							"rotationZ": -47.5296,
							"faces": {
								"north": { "texture": "#plain", "uv": [ 0.0, 0.0, 1.5, 1.5 ], "autoUv": false },
								"east": { "texture": "#plain", "uv": [ 0.0, 0.0, 1.5, 1.5 ], "autoUv": false },
								"south": { "texture": "#plain", "uv": [ 0.0, 0.0, 1.5, 1.5 ], "autoUv": false },
								"west": { "texture": "#plain", "uv": [ 0.0, 0.0, 1.5, 1.5 ], "autoUv": false },
								"up": { "texture": "#plain", "uv": [ 0.0, 0.0, 1.5, 1.5 ], "autoUv": false },
								"down": { "texture": "#plain", "uv": [ 0.0, 0.0, 1.5, 1.5 ], "autoUv": false }
							}
						}
					]
				},
				{
					"name": "Cube13",
					"from": [ -1.18, 63.7, 21.51 ],
					"to": [ 19.02, 64.9, 22.71 ],
					"rotationOrigin": [ -1.1827, 63.7, 21.5074 ],
					"rotationX": -14.621,
					"rotationY": 28.0,
					"rotationZ": 33.0,
					"faces": {
						"north": { "texture": "#plain", "uv": [ 0.0, 0.0, 16.0, 1.5 ], "autoUv": false },
						"east": { "texture": "#plain", "uv": [ 0.0, 0.0, 1.5, 1.5 ], "autoUv": false },
						"south": { "texture": "#plain", "uv": [ 0.0, 0.0, 16.0, 1.5 ], "autoUv": false },
						"west": { "texture": "#plain", "uv": [ 0.0, 0.0, 1.5, 1.5 ], "autoUv": false },
						"up": { "texture": "#plain", "uv": [ 0.0, 0.0, 16.0, 1.5 ], "autoUv": false },
						"down": { "texture": "#plain", "uv": [ 0.0, 0.0, 16.0, 1.5 ], "autoUv": false }
					}
				},
				{
					"name": "Cube15",
					"from": [ -1.18, 63.7, -8.49 ],
					"to": [ 19.02, 64.9, -7.29 ],
					"rotationOrigin": [ -1.1827, 63.7, -7.49 ],
					"rotationX": 14.62,
					"rotationY": -28.0,
					"rotationZ": 33.0,
					"faces": {
						"north": { "texture": "#plain", "uv": [ 0.0, 0.0, 16.0, 1.5 ], "autoUv": false },
						"east": { "texture": "#plain", "uv": [ 0.0, 0.0, 1.5, 1.5 ], "autoUv": false },
						"south": { "texture": "#plain", "uv": [ 0.0, 0.0, 16.0, 1.5 ], "autoUv": false },
						"west": { "texture": "#plain", "uv": [ 0.0, 0.0, 1.5, 1.5 ], "autoUv": false },
						"up": { "texture": "#plain", "uv": [ 0.0, 0.0, 16.0, 1.5 ], "autoUv": false },
						"down": { "texture": "#plain", "uv": [ 0.0, 0.0, 16.0, 1.5 ], "autoUv": false }
					}
				},
				{
					"name": "Cube8",
					"from": [ 12.98, 72.68, 2.2 ],
					"to": [ 14.34, 73.88, 11.98 ],
					"rotationOrigin": [ 12.98, 72.68, 2.2 ],
					"faces": {
						"north": { "texture": "#plain", "uv": [ 0.0, 0.0, 1.5, 1.5 ], "autoUv": false },
						"east": { "texture": "#plain", "uv": [ 0.0, 0.0, 8.0, 1.5 ], "autoUv": false },
						"south": { "texture": "#plain", "uv": [ 0.0, 0.0, 1.5, 1.5 ], "autoUv": false },
						"west": { "texture": "#plain", "uv": [ 0.0, 0.0, 8.0, 1.5 ], "autoUv": false },
						"up": { "texture": "#plain", "uv": [ 0.0, 0.0, 1.5, 8.0 ], "autoUv": false },
						"down": { "texture": "#plain", "uv": [ 0.0, 0.0, 1.5, 8.0 ], "autoUv": false }
					}
				}
			]
		}
	]}