[
{
        "ingredientPattern": "ABC,DEF,GHI",
        "ingredients": {
            "A": { "type": "item", "code": "game:antler-triceratops-*"},
            "B": { "type": "item", "code": "game:hammer-*", "isTool": true },
            "C": { "type": "item", "code": "game:knife-*", "isTool": true },
            "D": { "type": "item", "code": "ceratopsidae:pelt-triceratops-adult"},
            "E": { "type": "item", "code": "game:metalnailsandstrips-*", "quantity": 1 },
            "F": { "type": "item", "code": "game:clay-*", "quantity": 4 },
            "G": { "type": "block", "code": "game:debarkedlog-*", "quantity": 1 },
            "H": { "type": "block", "code": "game:glass-*" },
            "I": { "type": "item", "code": "game:powder-borax", "quantity": 1 }
        }, "width": 3, "height": 3,
        "output": {"type": "item", "code": "ceratopsidae:taxidermy-triceratops-adult", "quantity": 1}
    },
    {
        "ingredientPattern": "_BC,DEF,GHI",
        "ingredients": {
            "B": { "type": "item", "code": "game:hammer-*", "isTool": true },
            "C": { "type": "item", "code": "game:knife-*", "isTool": true },
            "D": { "type": "item", "code": "ceratopsidae:pelt-triceratops-baby"},
            "E": { "type": "item", "code": "game:metalnailsandstrips-*", "quantity": 1 },
            "F": { "type": "item", "code": "game:clay-*", "quantity": 4 },
            "G": { "type": "block", "code": "game:debarkedlog-*", "quantity": 1 },
            "H": { "type": "block", "code": "game:glass-*" },
            "I": { "type": "item", "code": "game:powder-borax", "quantity": 1 }
        }, "width": 3, "height": 3,
        "output": {"type": "item", "code": "ceratopsidae:taxidermy-triceratops-baby", "quantity": 1}
    },

    {
        "ingredientPattern": "ABC,DEF,GHI",
        "ingredients": {
            "A": { "type": "item", "code": "game:antler-torosaurus-*"},
            "B": { "type": "item", "code": "game:hammer-*", "isTool": true },
            "C": { "type": "item", "code": "game:knife-*", "isTool": true },
            "D": { "type": "item", "code": "ceratopsidae:pelt-torosaurus-adult"},
            "E": { "type": "item", "code": "game:metalnailsandstrips-*", "quantity": 1 },
            "F": { "type": "item", "code": "game:clay-*", "quantity": 4 },
            "G": { "type": "block", "code": "game:debarkedlog-*", "quantity": 1 },
            "H": { "type": "block", "code": "game:glass-*" },
            "I": { "type": "item", "code": "game:powder-borax", "quantity": 1 }
        }, "width": 3, "height": 3,
        "output": {"type": "item", "code": "ceratopsidae:taxidermy-torosaurus-adult", "quantity": 1}
    },
    {
        "ingredientPattern": "_BC,DEF,GHI",
        "ingredients": {
            "B": { "type": "item", "code": "game:hammer-*", "isTool": true },
            "C": { "type": "item", "code": "game:knife-*", "isTool": true },
            "D": { "type": "item", "code": "ceratopsidae:pelt-torosaurus-baby"},
            "E": { "type": "item", "code": "game:metalnailsandstrips-*", "quantity": 1 },
            "F": { "type": "item", "code": "game:clay-*", "quantity": 4 },
            "G": { "type": "block", "code": "game:debarkedlog-*", "quantity": 1 },
            "H": { "type": "block", "code": "game:glass-*" },
            "I": { "type": "item", "code": "game:powder-borax", "quantity": 1 }
        }, "width": 3, "height": 3,
        "output": {"type": "item", "code": "ceratopsidae:taxidermy-torosaurus-baby", "quantity": 1}
    },

    {
        "ingredientPattern": "ABC,DEF,GHI",
        "ingredients": {
            "A": { "type": "item", "code": "game:antler-pentaceratops-*"},
            "B": { "type": "item", "code": "game:hammer-*", "isTool": true },
            "C": { "type": "item", "code": "game:knife-*", "isTool": true },
            "D": { "type": "item", "code": "ceratopsidae:pelt-pentaceratops-adult"},
            "E": { "type": "item", "code": "game:metalnailsandstrips-*", "quantity": 1 },
            "F": { "type": "item", "code": "game:clay-*", "quantity": 4 },
            "G": { "type": "block", "code": "game:debarkedlog-*", "quantity": 1 },
            "H": { "type": "block", "code": "game:glass-*" },
            "I": { "type": "item", "code": "game:powder-borax", "quantity": 1 }
        }, "width": 3, "height": 3,
        "output": {"type": "item", "code": "ceratopsidae:taxidermy-pentaceratops-adult", "quantity": 1}
    },
    {
        "ingredientPattern": "_BC,DEF,GHI",
        "ingredients": {
            "B": { "type": "item", "code": "game:hammer-*", "isTool": true },
            "C": { "type": "item", "code": "game:knife-*", "isTool": true },
            "D": { "type": "item", "code": "ceratopsidae:pelt-pentaceratops-baby"},
            "E": { "type": "item", "code": "game:metalnailsandstrips-*", "quantity": 1 },
            "F": { "type": "item", "code": "game:clay-*", "quantity": 4 },
            "G": { "type": "block", "code": "game:debarkedlog-*", "quantity": 1 },
            "H": { "type": "block", "code": "game:glass-*" },
            "I": { "type": "item", "code": "game:powder-borax", "quantity": 1 }
        }, "width": 3, "height": 3,
        "output": {"type": "item", "code": "ceratopsidae:taxidermy-pentaceratops-baby", "quantity": 1}
    },

    {
        "ingredientPattern": "_BC,DEF,GHI",
        "ingredients": {
            "B": { "type": "item", "code": "game:hammer-*", "isTool": true },
            "C": { "type": "item", "code": "game:knife-*", "isTool": true },
            "D": { "type": "item", "code": "ceratopsidae:pelt-pachyrhinosaurus-adult"},
            "E": { "type": "item", "code": "game:metalnailsandstrips-*", "quantity": 1 },
            "F": { "type": "item", "code": "game:clay-*", "quantity": 4 },
            "G": { "type": "block", "code": "game:debarkedlog-*", "quantity": 1 },
            "H": { "type": "block", "code": "game:glass-*" },
            "I": { "type": "item", "code": "game:powder-borax", "quantity": 1 }
        }, "width": 3, "height": 3,
        "output": {"type": "item", "code": "ceratopsidae:taxidermy-pachyrhinosaurus-adult", "quantity": 1}
    },
    {
        "ingredientPattern": "_BC,DEF,GHI",
        "ingredients": {
            "B": { "type": "item", "code": "game:hammer-*", "isTool": true },
            "C": { "type": "item", "code": "game:knife-*", "isTool": true },
            "D": { "type": "item", "code": "ceratopsidae:pelt-pachyrhinosaurus-baby"},
            "E": { "type": "item", "code": "game:metalnailsandstrips-*", "quantity": 1 },
            "F": { "type": "item", "code": "game:clay-*", "quantity": 4 },
            "G": { "type": "block", "code": "game:debarkedlog-*", "quantity": 1 },
            "H": { "type": "block", "code": "game:glass-*" },
            "I": { "type": "item", "code": "game:powder-borax", "quantity": 1 }
        }, "width": 3, "height": 3,
        "output": {"type": "item", "code": "ceratopsidae:taxidermy-pachyrhinosaurus-baby", "quantity": 1}
    },

    {
        "ingredientPattern": "_BC,DEF,GHI",
        "ingredients": {
            "B": { "type": "item", "code": "game:hammer-*", "isTool": true },
            "C": { "type": "item", "code": "game:knife-*", "isTool": true },
            "D": { "type": "item", "code": "ceratopsidae:pelt-styracosaurus-adult"},
            "E": { "type": "item", "code": "game:metalnailsandstrips-*", "quantity": 1 },
            "F": { "type": "item", "code": "game:clay-*", "quantity": 4 },
            "G": { "type": "block", "code": "game:debarkedlog-*", "quantity": 1 },
            "H": { "type": "block", "code": "game:glass-*" },
            "I": { "type": "item", "code": "game:powder-borax", "quantity": 1 }
        }, "width": 3, "height": 3,
        "output": {"type": "item", "code": "ceratopsidae:taxidermy-styracosaurus-adult", "quantity": 1}
    },
    {
        "ingredientPattern": "_BC,DEF,GHI",
        "ingredients": {
            "B": { "type": "item", "code": "game:hammer-*", "isTool": true },
            "C": { "type": "item", "code": "game:knife-*", "isTool": true },
            "D": { "type": "item", "code": "ceratopsidae:pelt-styracosaurus-baby"},
            "E": { "type": "item", "code": "game:metalnailsandstrips-*", "quantity": 1 },
            "F": { "type": "item", "code": "game:clay-*", "quantity": 4 },
            "G": { "type": "block", "code": "game:debarkedlog-*", "quantity": 1 },
            "H": { "type": "block", "code": "game:glass-*" },
            "I": { "type": "item", "code": "game:powder-borax", "quantity": 1 }
        }, "width": 3, "height": 3,
        "output": {"type": "item", "code": "ceratopsidae:taxidermy-styracosaurus-baby", "quantity": 1}
    },

    {
        "ingredientPattern": "_BC,DEF,GHI",
        "ingredients": {
            "B": { "type": "item", "code": "game:hammer-*", "isTool": true },
            "C": { "type": "item", "code": "game:knife-*", "isTool": true },
            "D": { "type": "item", "code": "ceratopsidae:pelt-centrosaurus-adult"},
            "E": { "type": "item", "code": "game:metalnailsandstrips-*", "quantity": 1 },
            "F": { "type": "item", "code": "game:clay-*", "quantity": 4 },
            "G": { "type": "block", "code": "game:debarkedlog-*", "quantity": 1 },
            "H": { "type": "block", "code": "game:glass-*" },
            "I": { "type": "item", "code": "game:powder-borax", "quantity": 1 }
        }, "width": 3, "height": 3,
        "output": {"type": "item", "code": "ceratopsidae:taxidermy-centrosaurus-adult", "quantity": 1}
    },
    {
        "ingredientPattern": "_BC,DEF,GHI",
        "ingredients": {
            "B": { "type": "item", "code": "game:hammer-*", "isTool": true },
            "C": { "type": "item", "code": "game:knife-*", "isTool": true },
            "D": { "type": "item", "code": "ceratopsidae:pelt-centrosaurus-baby"},
            "E": { "type": "item", "code": "game:metalnailsandstrips-*", "quantity": 1 },
            "F": { "type": "item", "code": "game:clay-*", "quantity": 4 },
            "G": { "type": "block", "code": "game:debarkedlog-*", "quantity": 1 },
            "H": { "type": "block", "code": "game:glass-*" },
            "I": { "type": "item", "code": "game:powder-borax", "quantity": 1 }
        }, "width": 3, "height": 3,
        "output": {"type": "item", "code": "ceratopsidae:taxidermy-centrosaurus-baby", "quantity": 1}
    },

    {
        "ingredientPattern": "ABC,DEF,GHI",
        "ingredients": {
            "A": { "type": "item", "code": "game:antler-xenoceratops-*"},
            "B": { "type": "item", "code": "game:hammer-*", "isTool": true },
            "C": { "type": "item", "code": "game:knife-*", "isTool": true },
            "D": { "type": "item", "code": "ceratopsidae:pelt-xenoceratops-adult"},
            "E": { "type": "item", "code": "game:metalnailsandstrips-*", "quantity": 1 },
            "F": { "type": "item", "code": "game:clay-*", "quantity": 4 },
            "G": { "type": "block", "code": "game:debarkedlog-*", "quantity": 1 },
            "H": { "type": "block", "code": "game:glass-*" },
            "I": { "type": "item", "code": "game:powder-borax", "quantity": 1 }
        }, "width": 3, "height": 3,
        "output": {"type": "item", "code": "ceratopsidae:taxidermy-xenoceratops-adult", "quantity": 1}
    },
    {
        "ingredientPattern": "_BC,DEF,GHI",
        "ingredients": {
            "B": { "type": "item", "code": "game:hammer-*", "isTool": true },
            "C": { "type": "item", "code": "game:knife-*", "isTool": true },
            "D": { "type": "item", "code": "ceratopsidae:pelt-xenoceratops-baby"},
            "E": { "type": "item", "code": "game:metalnailsandstrips-*", "quantity": 1 },
            "F": { "type": "item", "code": "game:clay-*", "quantity": 4 },
            "G": { "type": "block", "code": "game:debarkedlog-*", "quantity": 1 },
            "H": { "type": "block", "code": "game:glass-*" },
            "I": { "type": "item", "code": "game:powder-borax", "quantity": 1 }
        }, "width": 3, "height": 3,
        "output": {"type": "item", "code": "ceratopsidae:taxidermy-xenoceratops-baby", "quantity": 1}
    },

    {
        "ingredientPattern": "ABC,DEF,GHI",
        "ingredients": {
            "A": { "type": "item", "code": "game:antler-machairoceratops-*"},
            "B": { "type": "item", "code": "game:hammer-*", "isTool": true },
            "C": { "type": "item", "code": "game:knife-*", "isTool": true },
            "D": { "type": "item", "code": "ceratopsidae:pelt-machairoceratops-adult"},
            "E": { "type": "item", "code": "game:metalnailsandstrips-*", "quantity": 1 },
            "F": { "type": "item", "code": "game:clay-*", "quantity": 4 },
            "G": { "type": "block", "code": "game:debarkedlog-*", "quantity": 1 },
            "H": { "type": "block", "code": "game:glass-*" },
            "I": { "type": "item", "code": "game:powder-borax", "quantity": 1 }
        }, "width": 3, "height": 3,
        "output": {"type": "item", "code": "ceratopsidae:taxidermy-machairoceratops-adult", "quantity": 1}
    },
    {
        "ingredientPattern": "_BC,DEF,GHI",
        "ingredients": {
            "B": { "type": "item", "code": "game:hammer-*", "isTool": true },
            "C": { "type": "item", "code": "game:knife-*", "isTool": true },
            "D": { "type": "item", "code": "ceratopsidae:pelt-machairoceratops-baby"},
            "E": { "type": "item", "code": "game:metalnailsandstrips-*", "quantity": 1 },
            "F": { "type": "item", "code": "game:clay-*", "quantity": 4 },
            "G": { "type": "block", "code": "game:debarkedlog-*", "quantity": 1 },
            "H": { "type": "block", "code": "game:glass-*" },
            "I": { "type": "item", "code": "game:powder-borax", "quantity": 1 }
        }, "width": 3, "height": 3,
        "output": {"type": "item", "code": "ceratopsidae:taxidermy-machairoceratops-baby", "quantity": 1}
    },

    {
        "ingredientPattern": "ABC,DEF,GHI",
        "ingredients": {
            "A": { "type": "item", "code": "game:antler-nedoceratops-*"},
            "B": { "type": "item", "code": "game:hammer-*", "isTool": true },
            "C": { "type": "item", "code": "game:knife-*", "isTool": true },
            "D": { "type": "item", "code": "ceratopsidae:pelt-nedoceratops-adult"},
            "E": { "type": "item", "code": "game:metalnailsandstrips-*", "quantity": 1 },
            "F": { "type": "item", "code": "game:clay-*", "quantity": 4 },
            "G": { "type": "block", "code": "game:debarkedlog-*", "quantity": 1 },
            "H": { "type": "block", "code": "game:glass-*" },
            "I": { "type": "item", "code": "game:powder-borax", "quantity": 1 }
        }, "width": 3, "height": 3,
        "output": {"type": "item", "code": "ceratopsidae:taxidermy-nedoceratops-adult", "quantity": 1}
    },
    {
        "ingredientPattern": "_BC,DEF,GHI",
        "ingredients": {
            "B": { "type": "item", "code": "game:hammer-*", "isTool": true },
            "C": { "type": "item", "code": "game:knife-*", "isTool": true },
            "D": { "type": "item", "code": "ceratopsidae:pelt-nedoceratops-baby"},
            "E": { "type": "item", "code": "game:metalnailsandstrips-*", "quantity": 1 },
            "F": { "type": "item", "code": "game:clay-*", "quantity": 4 },
            "G": { "type": "block", "code": "game:debarkedlog-*", "quantity": 1 },
            "H": { "type": "block", "code": "game:glass-*" },
            "I": { "type": "item", "code": "game:powder-borax", "quantity": 1 }
        }, "width": 3, "height": 3,
        "output": {"type": "item", "code": "ceratopsidae:taxidermy-nedoceratops-baby", "quantity": 1}
    },

    {
        "ingredientPattern": "_BC,DEF,GHI",
        "ingredients": {
            "B": { "type": "item", "code": "game:hammer-*", "isTool": true },
            "C": { "type": "item", "code": "game:knife-*", "isTool": true },
            "D": { "type": "item", "code": "ceratopsidae:pelt-sinoceratops-adult"},
            "E": { "type": "item", "code": "game:metalnailsandstrips-*", "quantity": 1 },
            "F": { "type": "item", "code": "game:clay-*", "quantity": 4 },
            "G": { "type": "block", "code": "game:debarkedlog-*", "quantity": 1 },
            "H": { "type": "block", "code": "game:glass-*" },
            "I": { "type": "item", "code": "game:powder-borax", "quantity": 1 }
        }, "width": 3, "height": 3,
        "output": {"type": "item", "code": "ceratopsidae:taxidermy-sinoceratops-adult", "quantity": 1}
    },
    {
        "ingredientPattern": "_BC,DEF,GHI",
        "ingredients": {
            "B": { "type": "item", "code": "game:hammer-*", "isTool": true },
            "C": { "type": "item", "code": "game:knife-*", "isTool": true },
            "D": { "type": "item", "code": "ceratopsidae:pelt-sinoceratops-baby"},
            "E": { "type": "item", "code": "game:metalnailsandstrips-*", "quantity": 1 },
            "F": { "type": "item", "code": "game:clay-*", "quantity": 4 },
            "G": { "type": "block", "code": "game:debarkedlog-*", "quantity": 1 },
            "H": { "type": "block", "code": "game:glass-*" },
            "I": { "type": "item", "code": "game:powder-borax", "quantity": 1 }
        }, "width": 3, "height": 3,
        "output": {"type": "item", "code": "ceratopsidae:taxidermy-sinoceratops-baby", "quantity": 1}
    },

    {
        "ingredientPattern": "ABC,DEF,GHI",
        "ingredients": {
            "A": { "type": "item", "code": "game:antler-regaliceratops-*"},
            "B": { "type": "item", "code": "game:hammer-*", "isTool": true },
            "C": { "type": "item", "code": "game:knife-*", "isTool": true },
            "D": { "type": "item", "code": "ceratopsidae:pelt-regaliceratops-adult"},
            "E": { "type": "item", "code": "game:metalnailsandstrips-*", "quantity": 1 },
            "F": { "type": "item", "code": "game:clay-*", "quantity": 4 },
            "G": { "type": "block", "code": "game:debarkedlog-*", "quantity": 1 },
            "H": { "type": "block", "code": "game:glass-*" },
            "I": { "type": "item", "code": "game:powder-borax", "quantity": 1 }
        }, "width": 3, "height": 3,
        "output": {"type": "item", "code": "ceratopsidae:taxidermy-regaliceratops-adult", "quantity": 1}
    },
    {
        "ingredientPattern": "_BC,DEF,GHI",
        "ingredients": {
            "B": { "type": "item", "code": "game:hammer-*", "isTool": true },
            "C": { "type": "item", "code": "game:knife-*", "isTool": true },
            "D": { "type": "item", "code": "ceratopsidae:pelt-regaliceratops-baby"},
            "E": { "type": "item", "code": "game:metalnailsandstrips-*", "quantity": 1 },
            "F": { "type": "item", "code": "game:clay-*", "quantity": 4 },
            "G": { "type": "block", "code": "game:debarkedlog-*", "quantity": 1 },
            "H": { "type": "block", "code": "game:glass-*" },
            "I": { "type": "item", "code": "game:powder-borax", "quantity": 1 }
        }, "width": 3, "height": 3,
        "output": {"type": "item", "code": "ceratopsidae:taxidermy-regaliceratops-baby", "quantity": 1}
    },

    {
        "ingredientPattern": "ABC,DEF,GHI",
        "ingredients": {
            "A": { "type": "item", "code": "game:antler-nasutoceratops-*"},
            "B": { "type": "item", "code": "game:hammer-*", "isTool": true },
            "C": { "type": "item", "code": "game:knife-*", "isTool": true },
            "D": { "type": "item", "code": "ceratopsidae:pelt-nasutoceratops-adult"},
            "E": { "type": "item", "code": "game:metalnailsandstrips-*", "quantity": 1 },
            "F": { "type": "item", "code": "game:clay-*", "quantity": 4 },
            "G": { "type": "block", "code": "game:debarkedlog-*", "quantity": 1 },
            "H": { "type": "block", "code": "game:glass-*" },
            "I": { "type": "item", "code": "game:powder-borax", "quantity": 1 }
        }, "width": 3, "height": 3,
        "output": {"type": "item", "code": "ceratopsidae:taxidermy-nasutoceratops-adult", "quantity": 1}
    },
    {
        "ingredientPattern": "_BC,DEF,GHI",
        "ingredients": {
            "B": { "type": "item", "code": "game:hammer-*", "isTool": true },
            "C": { "type": "item", "code": "game:knife-*", "isTool": true },
            "D": { "type": "item", "code": "ceratopsidae:pelt-nasutoceratops-baby"},
            "E": { "type": "item", "code": "game:metalnailsandstrips-*", "quantity": 1 },
            "F": { "type": "item", "code": "game:clay-*", "quantity": 4 },
            "G": { "type": "block", "code": "game:debarkedlog-*", "quantity": 1 },
            "H": { "type": "block", "code": "game:glass-*" },
            "I": { "type": "item", "code": "game:powder-borax", "quantity": 1 }
        }, "width": 3, "height": 3,
        "output": {"type": "item", "code": "ceratopsidae:taxidermy-nasutoceratops-baby", "quantity": 1}
    },

    {
        "ingredientPattern": "_BC,DEF,GHI",
        "ingredients": {
            "B": { "type": "item", "code": "game:hammer-*", "isTool": true },
            "C": { "type": "item", "code": "game:knife-*", "isTool": true },
            "D": { "type": "item", "code": "ceratopsidae:pelt-leptoceratops-adult"},
            "E": { "type": "item", "code": "game:metalnailsandstrips-*", "quantity": 1 },
            "F": { "type": "item", "code": "game:clay-*", "quantity": 4 },
            "G": { "type": "block", "code": "game:debarkedlog-*", "quantity": 1 },
            "H": { "type": "block", "code": "game:glass-*" },
            "I": { "type": "item", "code": "game:powder-borax", "quantity": 1 }
        }, "width": 3, "height": 3,
        "output": {"type": "item", "code": "ceratopsidae:taxidermy-leptoceratops-adult", "quantity": 1}
    },
    {
        "ingredientPattern": "_BC,DEF,GHI",
        "ingredients": {
            "B": { "type": "item", "code": "game:hammer-*", "isTool": true },
            "C": { "type": "item", "code": "game:knife-*", "isTool": true },
            "D": { "type": "item", "code": "ceratopsidae:pelt-leptoceratops-baby"},
            "E": { "type": "item", "code": "game:metalnailsandstrips-*", "quantity": 1 },
            "F": { "type": "item", "code": "game:clay-*", "quantity": 4 },
            "G": { "type": "block", "code": "game:debarkedlog-*", "quantity": 1 },
            "H": { "type": "block", "code": "game:glass-*" },
            "I": { "type": "item", "code": "game:powder-borax", "quantity": 1 }
        }, "width": 3, "height": 3,
        "output": {"type": "item", "code": "ceratopsidae:taxidermy-leptoceratops-baby", "quantity": 1}
    },

    {
        "ingredientPattern": "_BC,DEF,GHI",
        "ingredients": {
            "B": { "type": "item", "code": "game:hammer-*", "isTool": true },
            "C": { "type": "item", "code": "game:knife-*", "isTool": true },
            "D": { "type": "item", "code": "ceratopsidae:pelt-protoceratops-adult"},
            "E": { "type": "item", "code": "game:metalnailsandstrips-*", "quantity": 1 },
            "F": { "type": "item", "code": "game:clay-*", "quantity": 4 },
            "G": { "type": "block", "code": "game:debarkedlog-*", "quantity": 1 },
            "H": { "type": "block", "code": "game:glass-*" },
            "I": { "type": "item", "code": "game:powder-borax", "quantity": 1 }
        }, "width": 3, "height": 3,
        "output": {"type": "item", "code": "ceratopsidae:taxidermy-protoceratops-adult", "quantity": 1}
    },
    {
        "ingredientPattern": "_BC,DEF,GHI",
        "ingredients": {
            "B": { "type": "item", "code": "game:hammer-*", "isTool": true },
            "C": { "type": "item", "code": "game:knife-*", "isTool": true },
            "D": { "type": "item", "code": "ceratopsidae:pelt-protoceratops-baby"},
            "E": { "type": "item", "code": "game:metalnailsandstrips-*", "quantity": 1 },
            "F": { "type": "item", "code": "game:clay-*", "quantity": 4 },
            "G": { "type": "block", "code": "game:debarkedlog-*", "quantity": 1 },
            "H": { "type": "block", "code": "game:glass-*" },
            "I": { "type": "item", "code": "game:powder-borax", "quantity": 1 }
        }, "width": 3, "height": 3,
        "output": {"type": "item", "code": "ceratopsidae:taxidermy-protoceratops-baby", "quantity": 1}
    },

    {
        "ingredientPattern": "_BC,DEF,GHI",
        "ingredients": {
            "B": { "type": "item", "code": "game:hammer-*", "isTool": true },
            "C": { "type": "item", "code": "game:knife-*", "isTool": true },
            "D": { "type": "item", "code": "ceratopsidae:pelt-ajkaceratops-adult"},
            "E": { "type": "item", "code": "game:metalnailsandstrips-*", "quantity": 1 },
            "F": { "type": "item", "code": "game:clay-*", "quantity": 4 },
            "G": { "type": "block", "code": "game:debarkedlog-*", "quantity": 1 },
            "H": { "type": "block", "code": "game:glass-*" },
            "I": { "type": "item", "code": "game:powder-borax", "quantity": 1 }
        }, "width": 3, "height": 3,
        "output": {"type": "item", "code": "ceratopsidae:taxidermy-ajkaceratops-adult", "quantity": 1}
    },
    {
        "ingredientPattern": "_BC,DEF,GHI",
        "ingredients": {
            "B": { "type": "item", "code": "game:hammer-*", "isTool": true },
            "C": { "type": "item", "code": "game:knife-*", "isTool": true },
            "D": { "type": "item", "code": "ceratopsidae:pelt-ajkaceratops-baby"},
            "E": { "type": "item", "code": "game:metalnailsandstrips-*", "quantity": 1 },
            "F": { "type": "item", "code": "game:clay-*", "quantity": 4 },
            "G": { "type": "block", "code": "game:debarkedlog-*", "quantity": 1 },
            "H": { "type": "block", "code": "game:glass-*" },
            "I": { "type": "item", "code": "game:powder-borax", "quantity": 1 }
        }, "width": 3, "height": 3,
        "output": {"type": "item", "code": "ceratopsidae:taxidermy-ajkaceratops-baby", "quantity": 1}
    },
]
