[
  {
    "side": "Server",
    "dependsOn": [{ "modid": "combatoverhaul" }],
    "file": "ceratopsidae:entities/land/ceratopsidae",
    "op": "add",
    "path": "/client/behaviors/-",
    "value": {
      "code": "CombatOverhaul:EntityColliders",
      "elements": {
        "Torso": ["Neck", "Body front", "Body", "Body back", "Tail","Tail2","Tail3","Tail4",],
        "Head": ["Jaw Lower",],
        "Arm": [],
        "Leg": ["Leg Front L","Leg Front R","Leg Back L","Leg Back R","Leg Front L2","Leg Front R2","Leg Back L2","Leg Back R2","Foot Front L","Foot Front R","Foot Back L","Foot R"],
        "Critical": ["Eyes"],
        "Resistant": ["Beak","Beak Tip","Head", "Jaw","Head2","Head6"]
      }
    }
  },
  {
    "side": "Server",
    "dependsOn": [{ "modid": "combatoverhaul" }],
    "file": "ceratopsidae:entities/land/ceratopsidae",
    "op": "add",
    "path": "/server/behaviors/-",
    "value": {
      "code": "CombatOverhaul:EntityColliders",
     "elements": {
        "Torso": ["Neck", "Body front", "Body", "Body back", "Tail","Tail2","Tail3","Tail4",],
        "Head": ["Jaw Lower",],
        "Arm": [],
        "Leg": ["Leg Front L","Leg Front R","Leg Back L","Leg Back R","Leg Front L2","Leg Front R2","Leg Back L2","Leg Back R2","Foot Front L","Foot Front R","Foot Back L","Foot R"],
        "Critical": ["Eyes"],
        "Resistant": ["Beak","Beak Tip","Head", "Jaw","Head2","Head6"]
      }
    }
  },
  {
    "side": "Server",
    "dependsOn": [{ "modid": "combatoverhaul" }],
    "file": "ceratopsidae:entities/land/ceratopsidae",
    "op": "add",
    "path": "/server/behaviors/-",
    "value": {
      "code": "CombatOverhaul:EntityDamageModel",
      "damageModel": {
        "TorsoDamageMultiplier": 1,
        "LimbsDamageMultiplier": 0.75,
        "HeadDamageMultiplier": 2.5,
        "CriticalDamageMultiplier": 25,
        "DefaultResists": {"BluntAttack": 6, "SlashingAttack": 4, "PiercingAttack": 0}
      }
    }
  },
  {
    "side": "Server",
    "dependsOn": [{ "modid": "combatoverhaul" }],
    "file": "ceratopsidae:entities/land/ceratopsidae",
    "op": "add",
    "path": "/client/behaviors/-",
    "value": {
      "code": "CombatOverhaul:EntityDamageModel",
      "damageModel": {
        "TorsoDamageMultiplier": 1,
        "LimbsDamageMultiplier": 0.75,
        "HeadDamageMultiplier": 2.5,
        "CriticalDamageMultiplier": 25,
        "DefaultResists": {"BluntAttack": 6, "SlashingAttack": 4, "PiercingAttack": 0}
      }
    }
  }
]
