{
	"code": "ceratopsidae",
	"class": "EntityAgent",
	"variantgroups": [
		{"code": "type","states": ["triceratops","pentaceratops","styracosaurus","centrosaurus","nasutoceratops","pachyrhinosaurus","torosaurus","xenoceratops","machairoceratops","nedoceratops","sinoceratops","regaliceratops","leptoceratops","protoceratops","ajkaceratops",]},
		{ "code": "age", "states": ["nest"] },
		{ "code": "state", "states": ["incubating","mature","empty"] }
	],
	"selectionBoxSizeByType": {
		"*": {"x": 1,"y": 0.5}
	},
	"collisionBoxSizeByType": {
		"*": {"x": 1,"y": 0.5}
	},
	"deadSelectionBoxSizeByType": {
		"*": {"x": 1,"y": 0.5}
	},
	"knockbackResistanceByType": {
		"*": 10.0
	},
	"eyeHeight": 0.6,
	"weightByType": {
		"*": 100
	},
	"drops": [],
	"attributes": {
	},
	"client": {
		"renderer": "Shape",
		"shapeByType": {
			"*-nest-empty": { "base": "entity/land/nest-empty" },
            "*": { "base": "entity/land/nest" },

		},
		"sizeByType": {
			"*": 1
		},
		"behaviors": [
			{
				"code": "controlledphysics",
				"stepHeight": 0
			},
			{ "code": "interpolateposition" },
			{"code": "despawn","minPlayerDistance": 8,"belowLightLevel": 8,"minSeconds": 300},
			{
				"code": "floatupwhenstuck",
				"onlyWhenDead": true
			},
			{ "code": "harvestable" }

		],
		"animations": [
			{"code": "die","animation": "Die","animationSpeed": 2.00,"weight": 10,"blendMode": "Average","triggeredBy": { "onControls": [ "dead" ] }},
			{"code": "idle","animation": "Idle","blendMode": "AddAverage","easeOutSpeed": 4,"triggeredBy": { "defaultAnim": true }},
			{"code": "sleep","animation": "Sleep","easeInSpeed": 4,"easeOutSpeed": 4,"blendMode": "Average"}
		]
	},
	"server": {
		"attributes": {
		},
		"behaviors": [
			{
				"code": "controlledphysics",
				"stepHeight": 0
			},
			{"code": "despawn","minPlayerDistance": 8,"belowLightLevel": 8,"minSeconds": 300},
			{
				"code": "health",
				"maxhealthByType": {
					"*": 20
				}
			},
			{
				"code": "deaddecay",
				"hoursToDecay": 24
			},
			{
				"code": "floatupwhenstuck",
				"onlyWhenDead": true
			},
			{
				"code": "harvestable",
				"drops": [
					{
						"type": "item",
						"code": "game:stick",
						"quantityByType": {
							"*": {"avg": 6,"var": 4}
						}
					},
					{
						"type": "item",
						"code": "ceratopsidae:creature-ceratopsidae-{type}-egg-raw",
						"quantityByType": {
							"*-incubating": {"avg": 10,"var": 20, "dist":"gaussian"},
							"*":{"avg": 0,"var": 0}
						}
					},
				]
			},
			{
				"code": "grow",
				"enabledByType": {
					"*-empty": false,
					"*": true
				},
				"hoursToGrowByType": {"*-incubating": 140,"*-mature": 2},
				"adultEntityCodesByType": {
					"*-incubating": ["ceratopsidae:ceratopsidae-{type}-nest-mature"],
					"*-mature": ["ceratopsidae:ceratopsidae-{type}-nest-empty"]
				}
			},
			{"code": "emotionstates","states": []},
			{
				"code": "taskai",
				"aitasks": [
					{
						"code": "bellalarm",
						"animation": "Idle",
						"enabledByType": {"*-mature": true,"*": false},
						"onNearbyEntityCodes": ["player"],
						"spawnMobs": [
							"ceratopsidae:ceratopsidae-{type}-baby-female",
							"ceratopsidae:ceratopsidae-{type}-baby-male",
						],
						"spawnMaxQuantity": 5,
						"spawnIntervalMsMin": 1000,
						"spawnIntervalMsMax": 4000,
						"spawnRange": 0.5,
						"seekingRange": 100,
						"priority": 1.9,
						"minduration": 2000,
						"maxduration": 8000,
						"mincooldown": 6000,
						"maxcooldown": 12000,
						"animationSpeed": 2.0
					},
					{
						"code": "idle",
						"animation": "Idle",
						"priority": 0.5,
						"minduration": 180000,
						"maxduration": 240000,
						"mincooldown": 3000,
						"maxcooldown": 3000
					},
				]
			}

		],
		"spawnconditions": {
            "worldgen": {
				"triesPerChunk": { "avg": 0.0, "var": 0},
				"chanceByType": {"*-empty": 0.0,},
				"maxQuantityByGroup": {"code": "ceratopsidae-*","maxQuantity": 1},
                "tryOnlySurface": true,
                "insideBlockCodes": [
                    "game:air",
                    "game:tallgrass-*",
                    "game:gravel-*",
                    "game:sand-*",
                    "game:snowlayer-1",
                    "game:soil-*"
                ],
                "groupSizeByType": {
					"*": { "dist": "uniform", "avg": 1.5, "var": 0 }
				},
                "*":["ceratopsidae:ceratopsidae-{type}-adult-female","ceratopsidae:ceratopsidae-{type}-adult-male"]},

			"runtime": {
				"group": "neutral",
				"tryOnlySurface": true,
				"maxQuantityByGroup": {"code": "ceratopsidae-*",	"maxQuantity": 1},
				"chanceByType": {"*-incubating": 0.00001,"*": 0.0},
				"TriesPerChunk": { "avg": 0.0, "var": 0 },
				"mindistancetoplayer": 50,
				"maxLightLevel": 7,
				"spawnCapPlayerScaling": 0.0,
				"lightLevelType": "onlyBlockLight",
				"groupSizeByType": {
					"*": { "dist": "uniform", "avg": 2, "var": 0 }
				},
				"insideBlockCodes": [
                    "game:air",
                    "game:tallgrass-*",
                    "game:gravel-*",
                    "game:sand-*",
                    "game:snowlayer-1",
                    "game:soil-*"
                ],
				"companionsByType": {
				"*":["ceratopsidae:ceratopsidae-{type}-adult-female","ceratopsidae:ceratopsidae-{type}-adult-male"]}
			},

    },
    "spawnconditionsByType": {
			"*-triceratops-nest-incubating": {
                    "climate": {
                        "minTemp": 15,
                        "maxTemp": 28,
                        "minRain": 0.6,
                        "maxRain": 0.9,
                        "minForestOrShrubs": 0.5,
                        "maxForest": 0.8,
                        "maxShrubs": 0.6,
                        "minY": 1.0,
                        "maxY": 1.2
                    },
                    "worldgen": {
					"triesPerChunk": { "avg": 0.0009, "var": 0}
					},
                },
    "*-torosaurus-nest-incubating": {
                    "climate": {
                        "minTemp": 15,
                        "maxTemp": 28,
                        "minRain": 0.6,
                        "maxRain": 0.9,
                        "minForestOrShrubs": 0.5,
                        "maxForest": 0.8,
                        "maxShrubs": 0.6,
                        "minY": 1.0,
                        "maxY": 1.2
                    },
                    "worldgen": {
					"triesPerChunk": { "avg": 0.0009, "var": 0}
					},
                },
    "*-pentaceratops-nest-incubating": {
                    "climate": {
                        "minTemp": 12,
                        "maxTemp": 27,
                        "minRain": 0.4,
                        "maxRain": 0.8,
                        "minForestOrShrubs": 0.5,
                        "maxForest": 0.9,
                        "maxShrubs": 0.6,
                        "minY": 1.0,
                        "maxY": 1.3
                    },
                    "worldgen": {
					"triesPerChunk": { "avg": 0.0009, "var": 0}
					},
                },
    "*-pachyrhinosaurus-nest-incubating": {
                    "climate": {
                        "minTemp": 5,
                        "maxTemp": 20,
                        "minRain": 0.6,
                        "maxRain": 1.0,
                        "minForestOrShrubs": 0.6,
                        "maxForest": 1.0,
                        "maxShrubs": 0.5,
                        "minY": 1.0,
                        "maxY": 1.2
                    },
                    "worldgen": {
					"triesPerChunk": { "avg": 0.0009, "var": 0}
					},
                },
    "*-styracosaurus-nest-incubating": {
                    "climate": {
                        "minTemp": 8,
                        "maxTemp": 22,
                        "minRain": 0.5,
                        "maxRain": 0.85,
                        "minForestOrShrubs": 0.6,
                        "maxForest": 1.0,
                        "maxShrubs": 0.4,
                        "minY": 1.0,
                        "maxY": 1.2
                    },
                    "worldgen": {
					"triesPerChunk": { "avg": 0.0009, "var": 0}
					},
                },
    "*-centrosaurus-nest-incubating": {
                    "climate": {
                        "minTemp": 10,
                        "maxTemp": 24,
                        "minRain": 0.6,
                        "maxRain": 0.95,
                        "minForestOrShrubs": 0.7,
                        "maxForest": 1.0,
                        "maxShrubs": 0.5,
                        "minY": 1.0,
                        "maxY": 1.1
                    },
                    "worldgen": {
					"triesPerChunk": { "avg": 0.0009, "var": 0}
					},
                },
    "*-xenoceratops-nest-incubating": {
                    "climate": {
                        "minTemp": 15,
                        "maxTemp": 28,
                        "minRain": 0.5,
                        "maxRain": 0.8,
                        "minForestOrShrubs": 0.4,
                        "maxForest": 0.7,
                        "maxShrubs": 0.6,
                        "minY": 1.0,
                        "maxY": 1.2
                    },
                    "worldgen": {
					"triesPerChunk": { "avg": 0.0009, "var": 0}
					},
                },
    "*-machairoceratops-nest-incubating": {
                    "climate": {
                        "minTemp": 18,
                        "maxTemp": 30,
                        "minRain": 0.6,
                        "maxRain": 0.9,
                        "minForestOrShrubs": 0.5,
                        "maxForest": 0.8,
                        "maxShrubs": 0.6,
                        "minY": 1.0,
                        "maxY": 1.2
                    },
                    "worldgen": {
					"triesPerChunk": { "avg": 0.0009, "var": 0}
					},
                },
    "*-nedoceratops-nest-incubating": {
                    "climate": {
                        "minTemp": 15,
                        "maxTemp": 28,
                        "minRain": 0.6,
                        "maxRain": 0.9,
                        "minForestOrShrubs": 0.5,
                        "maxForest": 0.8,
                        "maxShrubs": 0.6,
                        "minY": 1.0,
                        "maxY": 1.2
                    },
                    "worldgen": {
					"triesPerChunk": { "avg": 0.0009, "var": 0}
					},
                },
    "*-sinoceratops-nest-incubating": {
                    "climate": {
                        "minTemp": 20,
                        "maxTemp": 30,
                        "minRain": 0.6,
                        "maxRain": 0.9,
                        "minForestOrShrubs": 0.5,
                        "maxForest": 0.8,
                        "maxShrubs": 0.6,
                        "minY": 1.0,
                        "maxY": 1.2
                    },
                    "worldgen": {
					"triesPerChunk": { "avg": 0.0009, "var": 0}
					},
                },
    "*-regaliceratops-nest-incubating": {
                    "climate": {
                        "minTemp": 15,
                        "maxTemp": 28,
                        "minRain": 0.6,
                        "maxRain": 0.9,
                        "minForestOrShrubs": 0.5,
                        "maxForest": 0.8,
                        "maxShrubs": 0.6,
                        "minY": 1.0,
                        "maxY": 1.2
                    },
                    "worldgen": {
					"triesPerChunk": { "avg": 0.0009, "var": 0}
					},
                },
    "*-nasutoceratops-nest-incubating": {
                    "climate": {
                        "minTemp": 20,
                        "maxTemp": 32,
                        "minRain": 0.3,
                        "maxRain": 0.7,
                        "minForestOrShrubs": 0.5,
                        "maxForest": 0.8,
                        "maxShrubs": 0.7,
                        "minY": 1.0,
                        "maxY": 1.1
                    },
                    "worldgen": {
					"triesPerChunk": { "avg": 0.0009, "var": 0}
					},
                },
    "*-leptoceratops-nest-incubating": {
                    "climate": {
                        "minTemp": 10,
                        "maxTemp": 25,
                        "minRain": 0.6,
                        "maxRain": 0.9,
                        "minForestOrShrubs": 0.5,
                        "maxForest": 0.8,
                        "maxShrubs": 0.6,
                        "minY": 1.0,
                        "maxY": 1.2
                    },
                    "worldgen": {
					"triesPerChunk": { "avg": 0.0009, "var": 0}
					},
                },
    "*-protoceratops-nest-incubating": {
                    "climate": {
                        "minTemp": 20,
                        "maxTemp": 35,
                        "minRain": 0.1,
                        "maxRain": 0.4,
                        "minForestOrShrubs": 0.2,
                        "maxForest": 0.3,
                        "maxShrubs": 0.5,
                        "minY": 0.8,
                        "maxY": 1.0
                    },
                    "worldgen": {
					"triesPerChunk": { "avg": 0.0009, "var": 0}
					},
                },
    "*-ajkaceratops-nest-incubating": {
                    "climate": {
                        "minTemp": 20,
                        "maxTemp": 32,
                        "minRain": 0.5,
                        "maxRain": 0.8,
                        "minForestOrShrubs": 0.4,
                        "maxForest": 0.7,
                        "maxShrubs": 0.6,
                        "minY": 0.9,
                        "maxY": 1.1
                    },
                    "worldgen": {
					"triesPerChunk": { "avg": 0.0009, "var": 0}
					},
                },
		}
	}
}
