{
	"code": "pelt",
		"behaviors": [
		{ "name": "GroundStorable", "properties": { "layout": "SingleCenter"}}
	],
  "variantgroups": [
    {"code": "species","states": ["triceratops","pentaceratops","styracosaurus","centrosaurus","nasutoceratops","pachyrhinosaurus","torosaurus","xenoceratops","machairoceratops","nedoceratops","sinoceratops","regaliceratops","leptoceratops","protoceratops","ajkaceratops",]},
    {"code": "type","states": [ "baby","adult" ]},
],
  "shapebytype": {
    "*-baby": {
      "base": "item/ceratopsidae/pelt-baby"
    },
    "*-adult": {
      "base": "item/ceratopsidae/{species}/pelt"
    }
  },
  "texturesByType": {
	"*":{"skin":{"base": "entity/{species}-adult"}},
  },
	"creativeinventory": { "general": ["*"], "items": ["*"] },
	"maxstacksize": 64,
	"attributes": {
		"handbook": {"groupBy": ["floorpelt-*"]},
		"displaycaseable": false, 
		"shelvable": false,
		"antlerMountableByType": {
			"*": true
		},
		"onAntlerMountTransformByType": {
			"*-triceratops-*":{
				"translation": { "x": 0.0, "y": 1, "z": 0 },
				"rotation": { "x": 0, "y": 0, "z": -90 },
				"origin": { "x": 0.1, "y": 0.0, "z": 0.5 },
				"scale": 1.0
			},

			"*-torosaurus-*":{
						"translation": { "x": 0.0, "y": 1, "z": 0 },
						"rotation": { "x": 0, "y": 0, "z": -90 },
						"origin": { "x": 0.1, "y": 0.0, "z": 0.5 },
						"scale": 1.0
					},

			"*-pentaceratops-*":{
						"translation": { "x": 0.0, "y": 1, "z": 0 },
						"rotation": { "x": 0, "y": 0, "z": -90 },
						"origin": { "x": 0.1, "y": 0.0, "z": 0.5 },
						"scale": 0.67
					},

			"*-pachyrhinosaurus-*":{
						"translation": { "x": 0.0, "y": 1, "z": 0 },
						"rotation": { "x": 0, "y": 0, "z": -90 },
						"origin": { "x": 0.1, "y": 0.0, "z": 0.5 },
						"scale": 0.67
					},

			"*-styracosaurus-*":{
						"translation": { "x": 0.0, "y": 1, "z": 0 },
						"rotation": { "x": 0, "y": 0, "z": -90 },
						"origin": { "x": 0.1, "y": 0.0, "z": 0.5 },
						"scale": 0.64
					},

			"*-centrosaurus-*":{
						"translation": { "x": 0.0, "y": 1, "z": 0 },
						"rotation": { "x": 0, "y": 0, "z": -90 },
						"origin": { "x": 0.1, "y": 0.0, "z": 0.5 },
						"scale": 0.61
					},

			"*-xenoceratops-*":{
						"translation": { "x": 0.0, "y": 1, "z": 0 },
						"rotation": { "x": 0, "y": 0, "z": -90 },
						"origin": { "x": 0.1, "y": 0.0, "z": 0.5 },
						"scale": 0.67
					},

			"*-machairoceratops-*":{
						"translation": { "x": 0.0, "y": 1, "z": 0 },
						"rotation": { "x": 0, "y": 0, "z": -90 },
						"origin": { "x": 0.1, "y": 0.0, "z": 0.5 },
						"scale": 0.67
					},

			"*-nedoceratops-*":{
						"translation": { "x": 0.0, "y": 1, "z": 0 },
						"rotation": { "x": 0, "y": 0, "z": -90 },
						"origin": { "x": 0.1, "y": 0.0, "z": 0.5 },
						"scale": 0.67
					},

			"*-sinoceratops-*":{
						"translation": { "x": 0.0, "y": 1, "z": 0 },
						"rotation": { "x": 0, "y": 0, "z": -90 },
						"origin": { "x": 0.1, "y": 0.0, "z": 0.5 },
						"scale": 0.56
					},

			"*-regaliceratops-*":{
						"translation": { "x": 0.0, "y": 1, "z": 0 },
						"rotation": { "x": 0, "y": 0, "z": -90 },
						"origin": { "x": 0.1, "y": 0.0, "z": 0.5 },
						"scale": 0.56
					},

			"*-nasutoceratops-*":{
						"translation": { "x": 0.0, "y": 1, "z": 0 },
						"rotation": { "x": 0, "y": 0, "z": -90 },
						"origin": { "x": 0.1, "y": 0.0, "z": 0.5 },
						"scale": 0.5
					},

			"*-leptoceratops-*":{
						"translation": { "x": 0.0, "y": 0.75, "z": 0 },
						"rotation": { "x": 0, "y": 0, "z": -90 },
						"origin": { "x": 0.1, "y": 0.0, "z": 0.5 },
						"scale": 0.29
					},

			"*-protoceratops-*":{
						"translation": { "x": 0.0, "y": 0.6, "z": 0 },
						"rotation": { "x": 0, "y": 0, "z": -90 },
						"origin": { "x": 0.1, "y": 0.0, "z": 0.5 },
						"scale": 0.2
					},

			"*-ajkaceratops-*":{
						"translation": { "x": 0.0, "y": 0.5, "z": 0 },
						"rotation": { "x": 0, "y": 0, "z": -90 },
						"origin": { "x": 0.1, "y": 0.0, "z": 0.5 },
						"scale": 0.11
					},
			"*": {
					"translation": { "x": 0.0, "y": 1, "z": 0 },
					"rotation": { "x": 0, "y": 0, "z": -90 },
					"origin": { "x": 0.1, "y": 0.0, "z": 0.5 },
				}
		},
		"groundStorageTransformByType": {
			"*-triceratops-*":{
				"translation": { "x": 0, "y": 0.0, "z": -0.0 },
				"rotation": { "x": 0, "y": 90, "z": 0 },
				"scale": 1.0
			},

    "*-torosaurus-*":{
				"translation": { "x": 0, "y": 0.0, "z": -0.0 },
				"rotation": { "x": 0, "y": 90, "z": 0 },
				"scale": 1.0
			},

    "*-pentaceratops-*":{
				"translation": { "x": 0, "y": -0.10, "z": -0.0 },
				"rotation": { "x": 0, "y": 90, "z": 0 },
				"scale": 0.67
			},

    "*-pachyrhinosaurus-*":{
				"translation": { "x": 0, "y": -0.10, "z": -0.0 },
				"rotation": { "x": 0, "y": 90, "z": 0 },
				"scale": 0.67
			},

    "*-styracosaurus-*":{
				"translation": { "x": 0, "y": -0.10, "z": -0.0 },
				"rotation": { "x": 0, "y": 90, "z": 0 },
				"scale": 0.64
			},

    "*-centrosaurus-*":{
				"translation": { "x": 0, "y": -0.10, "z": -0.0 },
				"rotation": { "x": 0, "y": 90, "z": 0 },
				"scale": 0.61
			},

    "*-xenoceratops-*":{
				"translation": { "x": 0, "y": -0.10, "z": -0.0 },
				"rotation": { "x": 0, "y": 90, "z": 0 },
				"scale": 0.67
			},

    "*-machairoceratops-*":{
				"translation": { "x": 0, "y": -0.10, "z": -0.0 },
				"rotation": { "x": 0, "y": 90, "z": 0 },
				"scale": 0.67
			},

    "*-nedoceratops-*":{
				"translation": { "x": 0, "y": -0.10, "z": -0.0 },
				"rotation": { "x": 0, "y": 90, "z": 0 },
				"scale": 0.67
			},

    "*-sinoceratops-*":{
				"translation": { "x": 0, "y": -0.20, "z": -0.0 },
				"rotation": { "x": 0, "y": 90, "z": 0 },
				"scale": 0.56
			},

    "*-regaliceratops-*":{
				"translation": { "x": 0, "y": -0.20, "z": -0.0 },
				"rotation": { "x": 0, "y": 90, "z": 0 },
				"scale": 0.56
			},

    "*-nasutoceratops-*":{
				"translation": { "x": 0, "y": -0.20, "z": -0.0 },
				"rotation": { "x": 0, "y": 90, "z": 0 },
				"scale": 0.5
			},

    "*-leptoceratops-*":{
				"translation": { "x": 0, "y": -0.30, "z": -0.0 },
				"rotation": { "x": 0, "y": 90, "z": 0 },
				"scale": 0.29
			},

    "*-protoceratops-*":{
				"translation": { "x": 0, "y": -0.35, "z": -0.0 },
				"rotation": { "x": 0, "y": 90, "z": 0 },
				"scale": 0.2
			},

    "*-ajkaceratops-*":{
				"translation": { "x": 0, "y": -0.40, "z": -0.0 },
				"rotation": { "x": 0, "y": 90, "z": 0 },
				"scale": 0.11
			},
			"*":{
				"translation": { "x": 0, "y": 0.0, "z": -0.0 },
				"rotation": { "x": 0, "y": 90, "z": 0 },
			}
		}
	},
  "sounds": {
    "walk": "game:walk/cloth"
  },
	"materialDensity": 500,
	"heldTpHitAnimation": "breaktool",
	"fpHandTransform": {
		"translation": { "x": 0, "y": -0.5, "z": -1.5 },
		"rotation": { "x": 180, "y": 0, "z": 90 },
		"scale": 1
	},
	"guiTransformByType": {
		"*-adult": {
			"translation": {"x": 0,"y": 1,"z": 0},
			"rotation": {"x": 0,"y": 145,"z": 90},
			"origin": {"x": 0.5,"y": 0.1,"z": 0.5},
			"scale": 0.5
		},
		"*": {
			"translation": {"x": 0,"y": 1,"z": 0},
			"rotation": {"x": 0,"y": 145,"z": 90},
			"origin": {"x": 0.5,"y": 0.1,"z": 0.5},
			"scale": 1
		}
	},
	"tpHandTransformByType": {
		"*-adult":{
			"translation": { "x": -0.55, "y": -0.1, "z": -0.45 },
			"rotation": { "x": -90, "y": 90, "z": 0 },
			"origin": { "x": 0.1, "y": 0, "z": 0.2 },
			"scale": 0.2
		},
		"*":{
			"translation": { "x": -0.55, "y": -0.1, "z": -0.45 },
			"rotation": { "x": -90, "y": 90, "z": 0 },
			"origin": { "x": 0.3, "y": -0, "z": 0.3 },
			"scale": 0.5
		},
	},
		"groundTransform": {
		"translation": { "x": 0, "y": 0, "z": 0 },
		"rotation": { "x": 0, "y": 0, "z": 0 },
		"origin": { "x": 0.5, "y": 0.0, "z": 0.5299 },
		"scale": 2
	}
	

}
