{
	"editor": {
		"collapsedPaths": "Root/main/Neck2,Root/main/Body/Torso/Body Back/Body Back2,Root/main/Crown/Crown7/Crown8,Root/main/Head,Root/main/Body/Torso/Neck/Neck2/Head/Crown/Crown2/Crown3/Crown4/Crown9/Crown10/Horn19,Root/main/Body/Torso/Neck/Neck2/Head/Crown/Crown2/Crown3/Crown4/Crown31/Crown32/Horn35,Root/main/Body/Torso/Body Back/Body Back3,Root/main/Body/Torso/Neck/Neck2/Head/Crown/Crown2/Crown3/Crown4/Crown9/Crown10/Crown12,Root/main/Body/Torso/Neck/Neck2/Head/Crown/Crown2/Crown3/Crown4/Crown31/Crown32/Horn37,Root/main/Body/Torso/Body Back/Ta,Root/main/Body/Torso/Neck/Neck2/Head/Crown/Crown2/Crown3/Crown4/Crown9/Crown10/Crown15,Root/main/Body/Torso/Neck/Neck2/Head/Crown/Crown2/Crown3/Crown4/Crown31/Crown32/Horn31,Root/main/Body/Torso/Neck/Neck2/Head/Crown/Crown2/Crown3/Crown4/Crown31/Crown32/Horn33,Root/main/Neck,Root/main/Head/Head2/Head3/Eyes,Root/main/Body/Torso/Neck/Neck2/Head/Crown/Crown2/Crown3/Crown4/Crown9/Crown10/Horn21,Root/main/Body/Body Back,Root/main/Body/Torso/Neck/Neck2/Head/Crown/Crown2/Crown3/Crown4/Crown9/Crown10/Horn23,Root/main/Body/Torso/Neck/Neck2/Head/Crown/Crown2/Crown3/Crown4/Crown9/Crown10/Horn25,Root/main/Body/Crown,Root/main/Body/Torso/Neck/Neck2/Crown,Root/main/Body/Torso/Neck/Neck2/Head/Head2/Head3/Head4/Head9/Nose Horn,Root/main/Body/Torso/Neck/Head/Crown,Root/main/Crown/Crown36,Root/main/Body Back2,Root/main/Body/Torso/Neck/Neck2/Head/Crown/Crown2/Crown3/Crown4/Crown31/Crown32/Crown33,Root/main/Body/Torso/Neck/Neck2/Head/Crown/Crown2/Crown3/Crown4/Crown31/Crown32/Crown34,Root/main/Crown/Crown20,Root/main/Body Back,Root/main/Body/Torso/Leg Back L,Root/main/Body/Torso/Neck/Neck2/Head/Crown/Crown2/Crown3/Crown4/Crown9/Cube2,Root/main/Body/Torso/Leg Back R,Root/main/Body/Torso/Neck/Neck2/Head/Crown/Crown2/Crown3/Crown4/Horn5",
		"allAngles": true,
		"entityTextureMode": true
	},
	"textureWidth": 360,
	"textureHeight": 360,
	"textureSizes": {
		"triceratops-adult": [360,360]
	},
	"textures": {
	},
	"elements": [
		{
			"name": "main",
			"from": [ 7.0, 4.5, 7.0 ],
			"to": [ 7.0, 4.5, 7.0 ],
			"uv": [ 0.0, 0.0 ],
			"rotationOrigin": [ 8.4, 4.5, 8.4 ],
			"faces": {
				"north": { "texture": "#skin", "uv": [ 0.0, 0.5, 0.5, 1.0 ], "autoUv": false },
				"east": { "texture": "#skin", "uv": [ 0.5, 0.5, 1.0, 1.0 ], "autoUv": false },
				"south": { "texture": "#skin", "uv": [ 1.0, 0.5, 1.5, 1.0 ], "autoUv": false },
				"west": { "texture": "#skin", "uv": [ 1.5, 0.5, 2.0, 1.0 ], "autoUv": false },
				"up": { "texture": "#skin", "uv": [ 0.0, 0.0, 0.5, 0.5 ], "autoUv": false },
				"down": { "texture": "#skin", "uv": [ 0.5, 0.0, 1.0, 0.5 ], "autoUv": false }
			},
			"children": [
				{
					"name": "Neck",
					"from": [ 5.6, 1.1, -0.5 ],
					"to": [ 8.8, 4.6, 3.0 ],
					"autoUnwrap": false,
					"uv": [ 121.3333, 48.0 ],
					"rotationOrigin": [ 7.4, 3.1, 1.4 ],
					"faces": {
						"north": { "texture": "#skin", "uv": [ 75.0, 94.2, 94.8, 115.8 ], "autoUv": false },
						"east": { "texture": "#skin", "uv": [ 5.4, 333.0, 27.0, 354.6 ], "autoUv": false },
						"south": { "texture": "#skin", "uv": [ 75.0, 93.6, 94.8, 115.2 ], "autoUv": false },
						"west": { "texture": "#skin", "uv": [ 61.8, 10.8, 83.4, 32.4 ], "autoUv": false },
						"up": { "texture": "#skin", "uv": [ 73.8, 52.8, 93.6, 74.4 ], "autoUv": false },
						"down": { "texture": "#skin", "uv": [ 76.2, 147.6, 96.0, 169.2 ], "autoUv": false }
					},
					"children": [
						{
							"name": "BodyTF5",
							"from": [ 0.0, 3.5, 0.6 ],
							"to": [ 3.2, 4.5, 2.8 ],
							"autoUnwrap": false,
							"uv": [ 122.0, 60.0 ],
							"rotationOrigin": [ 0.0, 3.5, 0.6 ],
							"faces": {
								"north": { "texture": "#skin", "uv": [ 76.0, 88.0, 96.0, 94.0 ], "autoUv": false },
								"east": { "texture": "#skin", "uv": [ 66.0, 4.0, 80.0, 10.0 ], "autoUv": false },
								"south": { "texture": "#skin", "uv": [ 76.0, 87.0, 96.0, 93.0 ], "autoUv": false },
								"west": { "texture": "#skin", "uv": [ 65.0, 5.0, 79.0, 11.0 ], "autoUv": false },
								"up": { "texture": "#skin", "uv": [ 74.0, 56.0, 94.0, 70.0 ], "autoUv": false },
								"down": { "texture": "#skin", "uv": [ 340.0, 0.0, 360.0, 14.0 ], "autoUv": false }
							}
						},
						{
							"name": "BodyBF5",
							"from": [ 0.0, -0.6, 0.3 ],
							"to": [ 3.2, 0.0, 3.3 ],
							"autoUnwrap": false,
							"uv": [ 112.6667, 70.3367 ],
							"rotationOrigin": [ 0.0, -0.6, 0.3 ],
							"faces": {
								"north": { "texture": "#skin", "uv": [ 75.6, 115.8, 95.4, 119.4 ], "autoUv": false },
								"east": { "texture": "#skin", "uv": [ 330.0, 342.6, 348.0, 346.2 ], "autoUv": false },
								"south": { "texture": "#skin", "uv": [ 75.6, 115.8, 95.4, 119.4 ], "autoUv": false },
								"west": { "texture": "#skin", "uv": [ 64.2, 33.0, 82.2, 36.6 ], "autoUv": false },
								"up": { "texture": "#skin", "uv": [ 6.0, 336.6, 25.8, 354.6 ], "autoUv": false },
								"down": { "texture": "#skin", "uv": [ 75.6, 149.4, 95.4, 167.4 ], "autoUv": false }
							}
						},
						{
							"name": "Neck2",
							"from": [ -1.0, 0.2, 0.3 ],
							"to": [ 0.6, 3.4, 3.3 ],
							"autoUnwrap": false,
							"uv": [ 104.0, 70.3333 ],
							"rotationOrigin": [ 0.0, 1.8, 1.9 ],
							"faces": {
								"north": { "texture": "#skin", "uv": [ 66.0, 93.0, 76.0, 113.0 ], "autoUv": false },
								"east": { "texture": "#skin", "uv": [ 332.0, 334.0, 352.0, 354.0 ], "autoUv": false },
								"south": { "texture": "#skin", "uv": [ 66.0, 93.0, 76.0, 113.0 ], "autoUv": false },
								"west": { "texture": "#skin", "uv": [ 62.0, 11.0, 82.0, 31.0 ], "autoUv": false },
								"up": { "texture": "#skin", "uv": [ 66.0, 54.0, 76.0, 74.0 ], "autoUv": false },
								"down": { "texture": "#skin", "uv": [ 65.0, 149.0, 75.0, 169.0 ], "autoUv": false }
							},
							"children": [
								{
									"name": "BodyTF6",
									"from": [ 0.0, 3.2, 0.6 ],
									"to": [ 1.6, 4.2, 2.4 ],
									"autoUnwrap": false,
									"uv": [ 101.67, 81.0 ],
									"rotationOrigin": [ 0.0, 3.2, 0.6 ],
									"faces": {
										"north": { "texture": "#skin", "uv": [ 66.0, 87.0, 76.0, 93.0 ], "autoUv": false },
										"east": { "texture": "#skin", "uv": [ 326.0, 329.0, 338.0, 335.0 ], "autoUv": false },
										"south": { "texture": "#skin", "uv": [ 66.0, 87.0, 76.0, 93.0 ], "autoUv": false },
										"west": { "texture": "#skin", "uv": [ 66.0, 5.0, 78.0, 11.0 ], "autoUv": false, "windMode": [-1,-1,-1,-1], "windData": [3,3,3,3] },
										"up": { "texture": "#skin", "uv": [ 66.0, 58.0, 76.0, 70.0 ], "autoUv": false },
										"down": { "texture": "#skin", "uv": [ 65.0, 153.0, 75.0, 165.0 ], "autoUv": false }
									}
								},
								{
									"name": "BodyBF6",
									"from": [ 0.0, -0.6, 0.3 ],
									"to": [ 1.6, 0.0, 2.9 ],
									"autoUnwrap": false,
									"uv": [ 106.6667, 81.6667 ],
									"rotationOrigin": [ 0.0, -0.6, 0.3 ],
									"faces": {
										"north": { "texture": "#skin", "uv": [ 66.0, 113.0, 76.0, 117.0 ], "autoUv": false },
										"east": { "texture": "#skin", "uv": [ 325.0, 338.0, 341.0, 342.0 ], "autoUv": false },
										"south": { "texture": "#skin", "uv": [ 66.0, 113.0, 76.0, 117.0 ], "autoUv": false },
										"west": { "texture": "#skin", "uv": [ 65.0, 32.0, 81.0, 36.0 ], "autoUv": false },
										"up": { "texture": "#skin", "uv": [ 7.0, 338.0, 17.0, 354.0 ], "autoUv": false },
										"down": { "texture": "#skin", "uv": [ 65.0, 151.0, 75.0, 167.0 ], "autoUv": false }
									}
								},
								{
									"name": "Head",
									"from": [ -2.1, 0.9, -0.1 ],
									"to": [ 0.9, 3.7, 3.1 ],
									"autoUnwrap": false,
									"uv": [ 86.6667, 77.0 ],
									"rotationOrigin": [ 0.2, 2.3, 1.6 ],
									"rotationZ": 22.0,
									"faces": {
										"north": { "texture": "#skin", "uv": [ 53.0, 92.0, 68.0, 106.0 ], "rotation": 180, "autoUv": false },
										"east": { "texture": "#skin", "uv": [ 20.0, 164.0, 23.0, 166.5 ] },
										"south": { "texture": "#skin", "uv": [ 53.0, 93.0, 68.0, 107.0 ], "autoUv": false },
										"west": { "texture": "#skin", "uv": [ 37.0, 11.0, 53.0, 25.0 ], "autoUv": false },
										"up": { "texture": "#skin", "uv": [ 60.0, 56.0, 75.0, 72.0 ], "autoUv": false },
										"down": { "texture": "#skin", "uv": [ 53.0, 150.0, 68.0, 166.0 ], "autoUv": false }
									},
									"children": [
										{
											"name": "Head2",
											"from": [ -2.3, 0.0, 0.6 ],
											"to": [ 0.0, 2.8, 2.5 ],
											"autoUnwrap": false,
											"uv": [ 94.0, 91.6667 ],
											"rotationOrigin": [ -2.3, 0.0, 0.6 ],
											"faces": {
												"north": { "texture": "#skin", "uv": [ 40.8, 93.0, 52.8, 107.4 ], "autoUv": false },
												"east": { "texture": "#skin", "uv": [ 327.6, 331.2, 337.2, 345.6 ], "autoUv": false },
												"south": { "texture": "#skin", "uv": [ 41.0, 93.0, 53.0, 107.0 ], "autoUv": false },
												"west": { "texture": "#skin", "uv": [ 21.6, 14.4, 31.2, 28.8 ], "autoUv": false },
												"up": { "texture": "#skin", "uv": [ 37.2, 59.4, 49.2, 69.0 ], "autoUv": false },
												"down": { "texture": "#skin", "uv": [ 35.0, 154.0, 47.0, 163.0 ], "rotation": 180, "autoUv": false }
											},
											"children": [
												{
													"name": "Head3",
													"from": [ -1.3, 0.0, 0.1 ],
													"to": [ 1.0, 2.3, 1.8 ],
													"autoUnwrap": false,
													"uv": [ 89.6667, 78.6667 ],
													"rotationOrigin": [ -1.3, 0.0, 0.1 ],
													"faces": {
														"north": { "texture": "#skin", "uv": [ 29.0, 95.0, 41.0, 107.0 ], "rotation": 90, "autoUv": false },
														"east": { "texture": "#skin", "uv": [ 16.0, 337.0, 25.0, 349.0 ], "autoUv": false },
														"south": { "texture": "#skin", "uv": [ 29.0, 95.0, 41.0, 107.0 ], "autoUv": false },
														"west": { "texture": "#skin", "uv": [ 22.0, 14.0, 31.0, 26.0 ], "autoUv": false },
														"up": { "texture": "#skin", "uv": [ 34.0, 60.0, 46.0, 69.0 ], "autoUv": false },
														"down": { "texture": "#skin", "uv": [ 9.0, 76.0, 18.0, 85.0 ], "autoUv": false }
													},
													"children": [
														{
															"name": "Head4",
															"from": [ -0.9, -0.2, 0.1 ],
															"to": [ 0.6, 1.9, 1.6 ],
															"autoUnwrap": false,
															"uv": [ 81.33, 98.67 ],
															"rotationOrigin": [ -0.9, 1.8, 1.0 ],
															"rotationZ": -6.0,
															"faces": {
																"north": { "texture": "#skin", "uv": [ 22.0, 97.0, 29.0, 107.0 ], "autoUv": false },
																"east": { "texture": "#skin", "uv": [ 22.0, 14.0, 30.0, 24.0 ], "autoUv": false },
																"south": { "texture": "#skin", "uv": [ 22.0, 97.0, 29.0, 107.0 ], "autoUv": false },
																"west": { "texture": "#skin", "uv": [ 22.0, 14.0, 30.0, 24.0 ], "autoUv": false },
																"up": { "texture": "#skin", "uv": [ 29.0, 60.0, 36.0, 68.0 ], "autoUv": false, "windMode": [-1,-1,-1,-1], "windData": [2,2,2,2] },
																"down": { "texture": "#skin", "uv": [ 345.0, 55.0, 352.0, 63.0 ], "autoUv": false }
															},
															"children": [
																{
																	"name": "Head9",
																	"from": [ 0.0, 1.4, 0.1 ],
																	"to": [ 1.1, 2.1, 1.4 ],
																	"autoUnwrap": false,
																	"uv": [ 96.6667, 83.6667 ],
																	"rotationOrigin": [ 0.0, 2.1, 0.6 ],
																	"rotationZ": 33.0,
																	"faces": {
																		"north": { "texture": "#skin", "uv": [ 22.0, 95.0, 27.0, 98.0 ], "autoUv": false },
																		"east": { "texture": "#skin", "uv": [ 22.0, 11.0, 30.0, 14.0 ], "autoUv": false },
																		"south": { "texture": "#skin", "uv": [ 22.0, 95.0, 27.0, 98.0 ], "autoUv": false },
																		"west": { "texture": "#skin", "uv": [ 325.0, 330.0, 333.0, 333.0 ], "autoUv": false },
																		"up": { "texture": "#skin", "uv": [ 25.0, 60.0, 30.0, 68.0 ], "autoUv": false },
																		"down": { "texture": "#skin", "uv": [ 334.0, 331.0, 339.0, 339.0 ], "autoUv": false }
																	},
																	"children": [
																		{
																			"name": "Nose Horn5",
																			"from": [ 0.2, 0.1, 0.5 ],
																			"to": [ 1.1, 0.6, 1.1 ],
																			"uv": [ 320.0, 48.4 ],
																			"rotationOrigin": [ 0.7, 0.2, 1.2 ],
																			"rotationZ": -53.0,
																			"faces": {
																				"north": { "texture": "#skin", "uv": [ 320.0, 52.0, 324.0, 54.0 ], "autoUv": false },
																				"east": { "texture": "#skin", "uv": [ 324.0, 52.0, 327.0, 54.0 ], "autoUv": false },
																				"south": { "texture": "#skin", "uv": [ 327.0, 52.0, 331.0, 54.0 ], "autoUv": false },
																				"west": { "texture": "#skin", "uv": [ 331.0, 52.0, 334.0, 54.0 ], "autoUv": false },
																				"up": { "texture": "#skin", "uv": [ 320.0, 48.0, 324.0, 51.0 ], "autoUv": false },
																				"down": { "texture": "#skin", "uv": [ 324.0, 48.0, 328.0, 51.0 ], "autoUv": false }
																			},
																			"children": [
																				{
																					"name": "Nose Horn2",
																					"from": [ 0.4, 0.1, 0.0 ],
																					"to": [ 1.0, 0.7, 0.5 ],
																					"autoUnwrap": false,
																					"uv": [ 283.2, 53.8 ],
																					"rotationOrigin": [ 0.4, 0.1, 0.7 ],
																					"rotationZ": 44.0,
																					"faces": {
																						"north": { "texture": "#skin", "uv": [ 294.0, 48.0, 297.0, 51.0 ], "rotation": 90, "autoUv": false },
																						"east": { "texture": "#skin", "uv": [ 291.0, 49.0, 293.0, 52.0 ], "autoUv": false },
																						"south": { "texture": "#skin", "uv": [ 295.0, 48.0, 298.0, 51.0 ], "rotation": 90, "autoUv": false },
																						"west": { "texture": "#skin", "uv": [ 300.0, 58.0, 302.0, 61.0 ], "autoUv": false },
																						"up": { "texture": "#skin", "uv": [ 291.0, 42.0, 294.0, 44.0 ], "autoUv": false },
																						"down": { "texture": "#skin", "uv": [ 290.0, 54.0, 293.0, 56.0 ], "autoUv": false }
																					}
																				}
																			]
																		}
																	]
																},
																{
																	"name": "Beak",
																	"from": [ 0.0, -0.9, 0.1 ],
																	"to": [ 0.7, 0.0, 1.5 ],
																	"autoUnwrap": false,
																	"uv": [ 106.0, 82.0 ],
																	"rotationOrigin": [ 0.0, 0.0, 1.0 ],
																	"rotationZ": 25.0,
																	"faces": {
																		"north": { "texture": "#skin", "uv": [ 22.0, 107.0, 25.0, 111.0 ], "autoUv": false },
																		"east": { "texture": "#skin", "uv": [ 23.0, 25.0, 30.0, 29.0 ], "autoUv": false },
																		"south": { "texture": "#skin", "uv": [ 22.0, 107.0, 25.0, 111.0 ], "autoUv": false },
																		"west": { "texture": "#skin", "uv": [ 23.0, 25.0, 30.0, 29.0 ], "autoUv": false },
																		"up": { "texture": "#skin", "uv": [ 337.0, 330.0, 340.0, 337.0 ], "autoUv": false },
																		"down": { "texture": "#skin", "uv": [ 354.0, 54.0, 357.0, 61.0 ], "autoUv": false }
																	},
																	"children": [
																		{
																			"name": "Beak2",
																			"from": [ -0.1, -0.1, 0.2 ],
																			"to": [ 0.4, 0.4, 1.3 ],
																			"autoUnwrap": false,
																			"uv": [ 110.0, 60.0 ],
																			"rotationOrigin": [ 0.4, 0.4, 0.7 ],
																			"rotationZ": 42.0,
																			"faces": {
																				"north": { "texture": "#skin", "uv": [ 26.0, 112.0, 28.0, 114.0 ], "autoUv": false },
																				"east": { "texture": "#skin", "uv": [ 329.0, 329.0, 335.0, 331.0 ], "autoUv": false },
																				"south": { "texture": "#skin", "uv": [ 26.0, 112.0, 28.0, 114.0 ], "rotation": 90, "autoUv": false },
																				"west": { "texture": "#skin", "uv": [ 23.0, 32.0, 29.0, 34.0 ], "autoUv": false },
																				"up": { "texture": "#skin", "uv": [ 19.0, 340.0, 21.0, 346.0 ], "autoUv": false },
																				"down": { "texture": "#skin", "uv": [ 25.0, 35.0, 31.0, 37.0 ], "rotation": 90, "autoUv": false }
																			}
																		}
																	]
																},
																{
																	"name": "Head18",
																	"from": [ 0.3, -0.5, 0.1 ],
																	"to": [ 1.0, 0.6, 1.4 ],
																	"autoUnwrap": false,
																	"uv": [ 101.0, 98.3333 ],
																	"rotationOrigin": [ 1.1, -0.6, 1.0 ],
																	"rotationZ": -36.0,
																	"faces": {
																		"north": { "texture": "#skin", "uv": [ 23.0, 106.0, 26.0, 111.0 ], "autoUv": false },
																		"east": { "texture": "#skin", "uv": [ 23.0, 25.0, 30.0, 30.0 ], "autoUv": false },
																		"south": { "texture": "#skin", "uv": [ 23.0, 106.0, 26.0, 111.0 ], "autoUv": false },
																		"west": { "texture": "#skin", "uv": [ 329.0, 337.0, 336.0, 342.0 ], "autoUv": false },
																		"up": { "texture": "#skin", "uv": [ 349.0, 50.0, 352.0, 57.0 ], "autoUv": false },
																		"down": { "texture": "#skin", "uv": [ 353.0, 52.0, 356.0, 59.0 ], "autoUv": false }
																	}
																}
															]
														},
														{
															"name": "Head12",
															"from": [ 0.0, 1.6, 0.1 ],
															"to": [ 2.4, 2.3, 1.7 ],
															"autoUnwrap": false,
															"uv": [ 96.3333, 97.0 ],
															"rotationOrigin": [ 0.0, 2.3, 0.1 ],
															"rotationZ": 11.0,
															"faces": {
																"north": { "texture": "#skin", "uv": [ 29.0, 95.0, 41.0, 98.0 ], "autoUv": false },
																"east": { "texture": "#skin", "uv": [ 332.0, 340.0, 340.0, 343.0 ], "autoUv": false },
																"south": { "texture": "#skin", "uv": [ 29.0, 95.0, 41.0, 98.0 ], "autoUv": false },
																"west": { "texture": "#skin", "uv": [ 328.0, 330.0, 336.0, 333.0 ], "autoUv": false },
																"up": { "texture": "#skin", "uv": [ 29.0, 60.0, 41.0, 68.0 ], "autoUv": false },
																"down": { "texture": "#skin", "uv": [ 338.0, 339.0, 350.0, 347.0 ], "autoUv": false }
															}
														},
														{
															"name": "Head15",
															"from": [ 0.0, 1.8, 0.3 ],
															"to": [ 2.8, 2.3, 1.5 ],
															"autoUnwrap": false,
															"uv": [ 108.6667, 82.6667 ],
															"rotationOrigin": [ 0.0, 2.3, 0.3 ],
															"rotationZ": 19.0,
															"faces": {
																"north": { "texture": "#skin", "uv": [ 28.8, 94.2, 43.2, 96.6 ], "autoUv": false },
																"east": { "texture": "#skin", "uv": [ 333.0, 332.4, 339.0, 334.8 ], "autoUv": false },
																"south": { "texture": "#skin", "uv": [ 28.8, 94.2, 43.2, 96.6 ], "autoUv": false },
																"west": { "texture": "#skin", "uv": [ 332.4, 334.2, 338.4, 336.6 ], "autoUv": false },
																"up": { "texture": "#skin", "uv": [ 34.2, 61.2, 48.6, 67.2 ], "autoUv": false },
																"down": { "texture": "#skin", "uv": [ 333.6, 329.4, 348.0, 335.4 ], "autoUv": false }
															}
														}
													]
												},
												{
													"name": "Eyes",
													"from": [ 0.6, 2.7, 0.1 ],
													"to": [ 2.5, 3.8, 1.7 ],
													"autoUnwrap": false,
													"uv": [ 96.0, 63.0 ],
													"rotationOrigin": [ 0.6, 3.4, 0.1 ],
													"rotationZ": -19.0,
													"faces": {
														"north": { "texture": "#skin", "uv": [ 47.0, 86.0, 51.0, 91.0 ], "autoUv": false },
														"east": { "texture": "#skin", "uv": [ 332.0, 333.0, 341.0, 338.0 ], "autoUv": false },
														"south": { "texture": "#skin", "uv": [ 47.0, 86.0, 51.0, 91.0 ], "autoUv": false },
														"west": { "texture": "#skin", "uv": [ 278.0, 132.0, 279.0, 133.0 ] },
														"up": { "texture": "#skin", "uv": [ 281.0, 131.0, 282.0, 132.0 ] },
														"down": { "texture": "#skin", "uv": [ 332.0, 332.0, 336.0, 341.0 ], "autoUv": false }
													},
													"children": [
														{
															"name": "EyeL",
															"from": [ 0.2, 0.3, 1.3 ],
															"to": [ 0.9, 0.8, 1.8 ],
															"autoUnwrap": false,
															"uv": [ 23.0, 46.0 ],
															"rotationOrigin": [ 0.2, 1.0, 1.3 ],
															"rotationX": 5.4,
															"rotationY": -18.2,
															"rotationZ": 16.9,
															"faces": {
																"north": { "texture": "#skin", "uv": [ 350.0, 7.0, 353.0, 9.0 ], "autoUv": false },
																"east": { "texture": "#skin", "uv": [ 16.0, 52.0, 18.0, 54.0 ], "autoUv": false },
																"south": { "texture": "#skin", "uv": [ 5.0, 51.0, 9.0, 55.0 ], "rotation": 180, "autoUv": false },
																"west": { "texture": "#skin", "uv": [ 11.0, 52.0, 13.0, 54.0 ], "autoUv": false },
																"up": { "texture": "#skin", "uv": [ 13.0, 50.0, 16.0, 52.0 ], "autoUv": false },
																"down": { "texture": "#skin", "uv": [ 13.0, 54.0, 16.0, 56.0 ], "autoUv": false }
															}
														},
														{
															"name": "EyeR",
															"from": [ 0.2, 0.3, -0.1 ],
															"to": [ 0.9, 0.8, 0.4 ],
															"autoUnwrap": false,
															"uv": [ 8.0, 40.0 ],
															"rotationOrigin": [ 0.2, 1.0, -0.1 ],
															"rotationX": -5.4,
															"rotationY": 18.2,
															"rotationZ": 16.9,
															"faces": {
																"north": { "texture": "#skin", "uv": [ 13.0, 51.0, 17.0, 55.0 ], "rotation": 180, "autoUv": false },
																"east": { "texture": "#skin", "uv": [ 4.0, 52.0, 6.0, 54.0 ], "autoUv": false },
																"south": { "texture": "#skin", "uv": [ 349.0, 8.0, 352.0, 10.0 ], "autoUv": false },
																"west": { "texture": "#skin", "uv": [ 9.0, 52.0, 11.0, 54.0 ], "autoUv": false },
																"up": { "texture": "#skin", "uv": [ 6.0, 50.0, 9.0, 52.0 ], "autoUv": false },
																"down": { "texture": "#skin", "uv": [ 6.0, 54.0, 9.0, 56.0 ], "autoUv": false }
															}
														}
													]
												}
											],
											"attachmentpoints": [
												{
													"code": "FaceAP",
													"posX": "0.0","posY": "0.0","posZ": "0.0",
													"rotationX": "0.0","rotationY": "0.0","rotationZ": "0.0"
												}
											]
										},
										{
											"name": "Head6",
											"from": [ 0.0, -1.4, 0.2 ],
											"to": [ 3.0, 0.0, 2.9 ],
											"autoUnwrap": false,
											"uv": [ 99.3333, 80.6667 ],
											"rotationOrigin": [ 0.0, -1.4, 0.2 ],
											"faces": {
												"north": { "texture": "#skin", "uv": [ 53.0, 107.0, 68.0, 114.0 ], "autoUv": false },
												"east": { "texture": "#skin", "uv": [ 332.0, 343.0, 346.0, 350.0 ], "autoUv": false },
												"south": { "texture": "#skin", "uv": [ 53.0, 107.0, 68.0, 114.0 ], "autoUv": false },
												"west": { "texture": "#skin", "uv": [ 38.0, 24.0, 52.0, 31.0 ], "autoUv": false },
												"up": { "texture": "#skin", "uv": [ 324.0, 331.0, 339.0, 345.0 ], "autoUv": false },
												"down": { "texture": "#skin", "uv": [ 53.0, 151.0, 68.0, 165.0 ], "autoUv": false }
											},
											"children": [
												{
													"name": "Head7",
													"from": [ -2.3, 0.0, 0.6 ],
													"to": [ 0.1, 1.4, 2.1 ],
													"autoUnwrap": false,
													"uv": [ 79.6667, 97.3333 ],
													"rotationOrigin": [ -2.3, 0.0, 0.6 ],
													"faces": {
														"north": { "texture": "#skin", "uv": [ 41.0, 107.0, 53.0, 114.0 ], "autoUv": false },
														"east": { "texture": "#skin", "uv": [ 331.0, 335.0, 339.0, 342.0 ], "autoUv": false },
														"south": { "texture": "#skin", "uv": [ 41.0, 107.0, 53.0, 114.0 ], "autoUv": false },
														"west": { "texture": "#skin", "uv": [ 4.0, 94.0, 14.0, 100.0 ], "autoUv": false },
														"up": { "texture": "#skin", "uv": [ 328.0, 343.0, 340.0, 351.0 ], "autoUv": false },
														"down": { "texture": "#skin", "uv": [ 44.0, 155.0, 56.0, 163.0 ], "rotation": 180, "autoUv": false }
													},
													"children": [
														{
															"name": "Lower Jaw",
															"from": [ -0.7, 0.0, 0.4 ],
															"to": [ 2.3, 1.4, 1.1 ],
															"autoUnwrap": false,
															"uv": [ 89.0, 112.3333 ],
															"rotationOrigin": [ 2.3, 1.4, 0.4 ],
															"faces": {
																"north": { "texture": "#skin", "uv": [ 33.0, 107.0, 48.0, 114.0 ], "rotation": 180, "autoUv": false },
																"east": { "texture": "#skin", "uv": [ 337.0, 333.0, 340.0, 340.0 ], "autoUv": false },
																"south": { "texture": "#skin", "uv": [ 33.0, 107.0, 48.0, 114.0 ], "autoUv": false },
																"west": { "texture": "#skin", "uv": [ 25.0, 26.0, 28.0, 33.0 ], "autoUv": false },
																"up": { "texture": "#skin", "uv": [ 2.0, 87.0, 17.0, 90.0 ], "autoUv": false },
																"down": { "texture": "#skin", "uv": [ 33.0, 109.0, 48.0, 112.0 ], "rotation": 180, "autoUv": false }
															},
															"children": [
																{
																	"name": "Lower Beak",
																	"from": [ 0.0, 0.0, 0.1 ],
																	"to": [ 1.2, 1.2, 0.6 ],
																	"autoUnwrap": false,
																	"uv": [ 163.6667, 113.6667 ],
																	"rotationOrigin": [ 0.0, 0.0, 0.1 ],
																	"rotationZ": 50.0,
																	"faces": {
																		"north": { "texture": "#skin", "uv": [ 27.0, 108.0, 33.0, 114.0 ], "rotation": 90, "autoUv": false },
																		"east": { "texture": "#skin", "uv": [ 25.0, 35.0, 28.0, 42.0 ], "autoUv": false },
																		"south": { "texture": "#skin", "uv": [ 27.0, 108.0, 33.0, 114.0 ], "rotation": 90, "autoUv": false },
																		"west": { "texture": "#skin", "uv": [ 25.0, 27.0, 28.0, 33.0 ], "autoUv": false },
																		"up": { "texture": "#skin", "uv": [ 23.0, 33.0, 29.0, 36.0 ], "autoUv": false },
																		"down": { "texture": "#skin", "uv": [ 328.0, 331.0, 334.0, 334.0 ], "autoUv": false }
																	}
																}
															]
														}
													]
												},
												{
													"name": "Head13",
													"from": [ -1.8, 0.0, 0.9 ],
													"to": [ 0.3, 0.4, 1.8 ],
													"autoUnwrap": false,
													"uv": [ 99.0, 74.0 ],
													"rotationOrigin": [ -1.8, 0.0, 0.9 ],
													"rotationZ": -11.0,
													"faces": {
														"north": { "texture": "#skin", "uv": [ 42.0, 114.0, 52.8, 115.8 ], "autoUv": false },
														"east": { "texture": "#skin", "uv": [ 329.4, 327.0, 334.2, 328.8 ], "autoUv": false },
														"south": { "texture": "#skin", "uv": [ 42.0, 114.0, 52.8, 115.8 ], "autoUv": false },
														"west": { "texture": "#skin", "uv": [ 328.2, 334.8, 333.0, 336.6 ], "autoUv": false },
														"up": { "texture": "#skin", "uv": [ 331.2, 330.0, 342.0, 334.8 ], "autoUv": false },
														"down": { "texture": "#skin", "uv": [ 44.0, 156.0, 54.0, 160.0 ], "rotation": 180, "autoUv": false }
													},
													"children": [
														{
															"name": "Head17",
															"from": [ 2.1, -0.2, -0.2 ],
															"to": [ 4.1, 0.4, 1.2 ],
															"autoUnwrap": false,
															"uv": [ 157.0, 116.0 ],
															"rotationOrigin": [ 2.1, -0.2, -0.2 ],
															"rotationZ": 11.0,
															"faces": {
																"north": { "texture": "#skin", "uv": [ 52.8, 114.6, 63.0, 117.6 ], "autoUv": false },
																"east": { "texture": "#skin", "uv": [ 326.4, 329.4, 333.6, 332.4 ], "autoUv": false },
																"south": { "texture": "#skin", "uv": [ 52.8, 114.6, 63.0, 117.6 ], "autoUv": false },
																"west": { "texture": "#skin", "uv": [ 41.4, 33.0, 48.6, 36.0 ], "autoUv": false },
																"up": { "texture": "#skin", "uv": [ 325.2, 330.6, 335.4, 337.8 ], "autoUv": false },
																"down": { "texture": "#skin", "uv": [ 53.4, 154.8, 63.6, 162.0 ], "autoUv": false }
															}
														}
													]
												}
											]
										},
										{
											"name": "Head16",
											"from": [ 0.0, 2.8, 0.7 ],
											"to": [ 3.0, 3.7, 2.5 ],
											"autoUnwrap": false,
											"uv": [ 93.6667, 83.3333 ],
											"rotationOrigin": [ 0.0, 2.8, 0.7 ],
											"faces": {
												"north": { "texture": "#skin", "uv": [ 53.0, 89.0, 68.0, 93.0 ], "autoUv": false },
												"east": { "texture": "#skin", "uv": [ 21.0, 161.0, 22.0, 162.0 ] },
												"south": { "texture": "#skin", "uv": [ 53.0, 89.0, 68.0, 93.0 ], "autoUv": false },
												"west": { "texture": "#skin", "uv": [ 326.0, 337.0, 335.0, 341.0 ], "autoUv": false },
												"up": { "texture": "#skin", "uv": [ 54.0, 59.0, 69.0, 68.0 ], "autoUv": false },
												"down": { "texture": "#skin", "uv": [ 325.0, 331.0, 340.0, 340.0 ], "autoUv": false }
											}
										},
										{
											"name": "Crown",
											"from": [ -0.7, 3.1, 0.85 ],
											"to": [ -0.4, 3.9, 2.25 ],
											"autoUnwrap": false,
											"uv": [ 293.4, 177.0 ],
											"rotationOrigin": [ -0.7, 3.3, 0.8 ],
											"rotationZ": 6.0,
											"faces": {
												"north": { "texture": "#skin", "uv": [ 326.4, 49.8, 328.8, 57.0 ], "autoUv": false },
												"east": { "texture": "#skin", "uv": [ 328.2, 54.0, 340.2, 61.2 ], "autoUv": false },
												"south": { "texture": "#skin", "uv": [ 327.6, 43.8, 330.0, 51.0 ], "autoUv": false },
												"west": { "texture": "#skin", "uv": [ 327.0, 51.0, 339.0, 58.2 ], "autoUv": false },
												"up": { "texture": "#skin", "uv": [ 271.0, 118.0, 283.0, 120.0 ], "rotation": 90, "autoUv": false },
												"down": { "texture": "#skin", "uv": [ 328.2, 47.4, 330.6, 59.4 ], "autoUv": false }
											},
											"children": [
												{
													"name": "Crown2",
													"from": [ 0.1, 0.2, 0.0 ],
													"to": [ 0.8, 0.8, 1.4 ],
													"autoUnwrap": false,
													"uv": [ 255.8, 169.8 ],
													"rotationOrigin": [ 0.1, 0.6, 0.0 ],
													"faces": {
														"north": { "texture": "#skin", "uv": [ 332.4, 51.0, 338.4, 55.8 ], "autoUv": false },
														"east": { "texture": "#skin", "uv": [ 324.6, 55.8, 336.6, 60.6 ], "autoUv": false },
														"south": { "texture": "#skin", "uv": [ 331.2, 55.8, 337.2, 60.6 ], "autoUv": false },
														"west": { "texture": "#skin", "uv": [ 324.0, 49.8, 336.0, 54.6 ], "autoUv": false },
														"up": { "texture": "#skin", "uv": [ 271.0, 112.0, 283.0, 118.0 ], "rotation": 90, "autoUv": false },
														"down": { "texture": "#skin", "uv": [ 327.6, 51.0, 333.6, 63.0 ], "autoUv": false }
													},
													"children": [
														{
															"name": "Crown3",
															"from": [ 0.4, 0.1, 0.0 ],
															"to": [ 1.4, 0.5, 1.4 ],
															"autoUnwrap": false,
															"uv": [ 292.0, 154.2 ],
															"rotationOrigin": [ 0.4, 0.6, 0.0 ],
															"rotationZ": 14.0,
															"faces": {
																"north": { "texture": "#skin", "uv": [ 334.8, 48.0, 343.2, 51.6 ], "autoUv": false },
																"east": { "texture": "#skin", "uv": [ 331.2, 44.4, 343.2, 48.0 ], "autoUv": false },
																"south": { "texture": "#skin", "uv": [ 329.4, 57.6, 337.8, 61.2 ], "autoUv": false },
																"west": { "texture": "#skin", "uv": [ 331.2, 46.2, 343.2, 49.8 ], "autoUv": false },
																"up": { "texture": "#skin", "uv": [ 271.0, 106.0, 283.0, 114.0 ], "rotation": 90, "autoUv": false },
																"down": { "texture": "#skin", "uv": [ 333.6, 46.8, 342.0, 58.8 ], "autoUv": false }
															},
															"children": [
																{
																	"name": "Crown4",
																	"from": [ 0.7, 0.0, 0.0 ],
																	"to": [ 2.9, 0.4, 1.4 ],
																	"autoUnwrap": false,
																	"uv": [ 238.8, 248.4 ],
																	"rotationOrigin": [ 0.7, 0.4, 0.0 ],
																	"rotationZ": 3.0,
																	"faces": {
																		"north": { "texture": "#skin", "uv": [ 328.0, 58.0, 347.0, 61.0 ], "autoUv": false },
																		"east": { "texture": "#skin", "uv": [ 270.6, 84.0, 282.6, 87.6 ], "autoUv": false },
																		"south": { "texture": "#skin", "uv": [ 322.2, 59.4, 340.8, 63.0 ], "autoUv": false },
																		"west": { "texture": "#skin", "uv": [ 328.8, 51.6, 340.8, 55.2 ], "autoUv": false },
																		"up": { "texture": "#skin", "uv": [ 271.0, 88.0, 283.0, 107.0 ], "rotation": 90, "autoUv": false },
																		"down": { "texture": "#skin", "uv": [ 331.0, 45.0, 343.0, 64.0 ], "rotation": 90, "autoUv": false }
																	},
																	"children": [
																		{
																			"name": "Crown9",
																			"from": [ 0.0, 0.0, 1.4 ],
																			"to": [ 2.2, 0.4, 2.0 ],
																			"autoUnwrap": false,
																			"uv": [ 262.2, 148.2 ],
																			"rotationOrigin": [ 0.0, 0.4, 1.4 ],
																			"rotationX": 47.0,
																			"faces": {
																				"north": { "texture": "#skin", "uv": [ 323.4, 55.2, 342.0, 58.8 ], "autoUv": false },
																				"east": { "texture": "#skin", "uv": [ 282.6, 84.0, 287.4, 87.6 ], "autoUv": false },
																				"south": { "texture": "#skin", "uv": [ 323.4, 49.8, 342.0, 53.4 ], "autoUv": false },
																				"west": { "texture": "#skin", "uv": [ 332.4, 51.6, 337.2, 55.2 ], "autoUv": false },
																				"up": { "texture": "#skin", "uv": [ 283.0, 88.0, 287.0, 106.0 ], "rotation": 90, "autoUv": false },
																				"down": { "texture": "#skin", "uv": [ 324.0, 58.8, 342.6, 63.6 ], "autoUv": false }
																			},
																			"children": [
																				{
																					"name": "Crown10",
																					"from": [ 0.0, 0.1, 0.4 ],
																					"to": [ 1.5, 0.4, 1.8 ],
																					"autoUnwrap": false,
																					"uv": [ 240.6, 149.4 ],
																					"rotationOrigin": [ 0.0, 0.5, 0.4 ],
																					"rotationX": -22.0,
																					"faces": {
																						"north": { "texture": "#skin", "uv": [ 325.0, 58.0, 338.0, 60.0 ], "autoUv": false },
																						"east": { "texture": "#skin", "uv": [ 326.0, 51.0, 337.0, 53.0 ], "autoUv": false },
																						"south": { "texture": "#skin", "uv": [ 299.0, 90.0, 301.0, 103.0 ], "rotation": 90, "autoUv": false },
																						"west": { "texture": "#skin", "uv": [ 321.0, 55.0, 332.0, 57.0 ], "autoUv": false },
																						"up": { "texture": "#skin", "uv": [ 288.0, 90.0, 299.0, 103.0 ], "rotation": 90, "autoUv": false },
																						"down": { "texture": "#skin", "uv": [ 325.0, 52.0, 338.0, 63.0 ], "autoUv": false }
																					},
																					"children": [
																						{
																							"name": "Cube2",
																							"from": [ 0.0, -0.1, 0.0 ],
																							"to": [ 0.0, -0.1, 0.0 ],
																							"uv": [ 0.0, 0.0 ],
																							"rotationOrigin": [ 0.0, -0.1, 0.0 ],
																							"faces": {
																								"north": { "texture": "#skin", "uv": [ 0.0, 0.6, 0.6, 1.2 ], "autoUv": false },
																								"east": { "texture": "#skin", "uv": [ 0.6, 0.6, 1.2, 1.2 ], "autoUv": false },
																								"south": { "texture": "#skin", "uv": [ 1.2, 0.6, 1.8, 1.2 ], "autoUv": false },
																								"west": { "texture": "#skin", "uv": [ 1.2, 0.6, 1.8, 1.2 ], "autoUv": false },
																								"up": { "texture": "#skin", "uv": [ 0.0, 0.0, 0.6, 0.6 ], "autoUv": false },
																								"down": { "texture": "#skin", "uv": [ 0.6, 0.0, 1.2, 0.6 ], "autoUv": false }
																							},
																							"children": [
																								{
																									"name": "Crown15",
																									"from": [ 1.5, 0.0, 0.0 ],
																									"to": [ 2.1, 0.3, 1.5 ],
																									"autoUnwrap": false,
																									"uv": [ 286.6, 136.8 ],
																									"rotationOrigin": [ 2.0, 0.3, 0.0 ],
																									"rotationY": -19.0,
																									"faces": {
																										"north": { "texture": "#skin", "uv": [ 324.0, 56.4, 329.4, 58.8 ], "autoUv": false },
																										"east": { "texture": "#skin", "uv": [ 286.2, 85.2, 298.8, 87.6 ], "autoUv": false },
																										"south": { "texture": "#skin", "uv": [ 299.0, 88.0, 301.0, 93.0 ], "rotation": 90, "autoUv": false },
																										"west": { "texture": "#skin", "uv": [ 325.8, 48.0, 338.4, 50.4 ], "autoUv": false },
																										"up": { "texture": "#skin", "uv": [ 286.0, 88.0, 298.0, 93.0 ], "rotation": 90, "autoUv": false },
																										"down": { "texture": "#skin", "uv": [ 331.0, 51.0, 336.0, 63.0 ], "autoUv": false }
																									}
																								},
																								{
																									"name": "Crown12",
																									"from": [ -0.4, 0.2, 0.0 ],
																									"to": [ 0.6, 0.4, 1.3 ],
																									"autoUnwrap": false,
																									"uv": [ 267.0, 160.4 ],
																									"rotationOrigin": [ 0.3, 0.4, 0.0 ],
																									"rotationX": 1.0,
																									"rotationY": -25.0,
																									"rotationZ": -3.0,
																									"faces": {
																										"north": { "texture": "#skin", "uv": [ 335.4, 47.4, 343.8, 49.2 ], "autoUv": false },
																										"east": { "texture": "#skin", "uv": [ 328.8, 60.0, 339.6, 61.8 ], "autoUv": false },
																										"south": { "texture": "#skin", "uv": [ 298.0, 103.0, 300.0, 111.0 ], "rotation": 90, "autoUv": false },
																										"west": { "texture": "#skin", "uv": [ 330.6, 52.8, 341.4, 54.6 ], "autoUv": false },
																										"up": { "texture": "#skin", "uv": [ 288.0, 103.0, 299.0, 111.0 ], "rotation": 90, "autoUv": false },
																										"down": { "texture": "#skin", "uv": [ 330.0, 45.0, 338.4, 55.8 ], "autoUv": false }
																									}
																								}
																							]
																						}
																					]
																				},
																				{
																					"name": "Crown13",
																					"from": [ -0.4, 0.0, 0.0 ],
																					"to": [ 0.0, 0.4, 0.6 ],
																					"uv": [ 324.0, 46.2 ],
																					"rotationOrigin": [ -0.4, 0.4, 0.0 ],
																					"rotationX": 3.0,
																					"faces": {
																						"north": { "texture": "#skin", "uv": [ 324.0, 51.0, 327.6, 54.6 ], "autoUv": false },
																						"east": { "texture": "#skin", "uv": [ 328.2, 51.0, 333.0, 54.6 ], "autoUv": false },
																						"south": { "texture": "#skin", "uv": [ 333.0, 51.0, 336.6, 54.6 ], "autoUv": false },
																						"west": { "texture": "#skin", "uv": [ 337.2, 51.0, 342.0, 54.6 ], "autoUv": false },
																						"up": { "texture": "#skin", "uv": [ 324.0, 46.2, 327.6, 51.0 ], "autoUv": false },
																						"down": { "texture": "#skin", "uv": [ 328.2, 46.2, 331.8, 51.0 ], "autoUv": false }
																					}
																				}
																			]
																		},
																		{
																			"name": "Crown31",
																			"from": [ 0.0, 0.0, -0.6 ],
																			"to": [ 2.2, 0.4, 0.0 ],
																			"autoUnwrap": false,
																			"uv": [ 272.4, 160.8 ],
																			"rotationOrigin": [ 0.0, 0.4, 0.0 ],
																			"rotationX": -47.0,
																			"faces": {
																				"north": { "texture": "#skin", "uv": [ 319.8, 52.8, 338.4, 56.4 ], "autoUv": false },
																				"east": { "texture": "#skin", "uv": [ 265.8, 84.0, 270.6, 87.6 ], "autoUv": false },
																				"south": { "texture": "#skin", "uv": [ 324.0, 57.0, 342.6, 60.6 ], "autoUv": false },
																				"west": { "texture": "#skin", "uv": [ 330.6, 49.2, 335.4, 52.8 ], "autoUv": false },
																				"up": { "texture": "#skin", "uv": [ 266.0, 88.0, 270.0, 106.0 ], "rotation": 90, "autoUv": false },
																				"down": { "texture": "#skin", "uv": [ 321.6, 50.4, 340.2, 55.2 ], "autoUv": false }
																			},
																			"children": [
																				{
																					"name": "Crown32",
																					"from": [ 0.0, 0.1, -1.2 ],
																					"to": [ 1.5, 0.4, 0.2 ],
																					"autoUnwrap": false,
																					"uv": [ 256.0, 157.8 ],
																					"rotationOrigin": [ 0.0, 0.5, -0.1 ],
																					"rotationX": 22.0,
																					"faces": {
																						"north": { "texture": "#skin", "uv": [ 251.0, 90.0, 253.0, 103.0 ], "rotation": 90, "autoUv": false },
																						"east": { "texture": "#skin", "uv": [ 332.0, 50.0, 343.0, 52.0 ], "autoUv": false },
																						"south": { "texture": "#skin", "uv": [ 326.0, 49.0, 339.0, 51.0 ], "autoUv": false },
																						"west": { "texture": "#skin", "uv": [ 328.0, 56.0, 339.0, 58.0 ], "autoUv": false },
																						"up": { "texture": "#skin", "uv": [ 255.0, 90.0, 266.0, 103.0 ], "rotation": 90, "autoUv": false },
																						"down": { "texture": "#skin", "uv": [ 326.0, 47.0, 339.0, 58.0 ], "autoUv": false }
																					},
																					"children": [
																						{
																							"name": "Cube3",
																							"from": [ 0.0, -0.1, 0.0 ],
																							"to": [ 0.0, -0.1, 0.0 ],
																							"uv": [ 0.0, 0.0 ],
																							"rotationOrigin": [ 0.0, -0.1, 0.0 ],
																							"faces": {
																								"north": { "texture": "#skin", "uv": [ 0.0, 0.6, 0.6, 1.2 ], "autoUv": false },
																								"east": { "texture": "#skin", "uv": [ 0.6, 0.6, 1.2, 1.2 ], "autoUv": false },
																								"south": { "texture": "#skin", "uv": [ 1.2, 0.6, 1.8, 1.2 ], "autoUv": false },
																								"west": { "texture": "#skin", "uv": [ 1.2, 0.6, 1.8, 1.2 ], "autoUv": false },
																								"up": { "texture": "#skin", "uv": [ 0.0, 0.0, 0.6, 0.6 ], "autoUv": false },
																								"down": { "texture": "#skin", "uv": [ 0.6, 0.0, 1.2, 0.6 ], "autoUv": false }
																							},
																							"children": [
																								{
																									"name": "Crown34",
																									"from": [ 1.4, 0.0, -0.1 ],
																									"to": [ 2.0, 0.3, 1.4 ],
																									"autoUnwrap": false,
																									"uv": [ 274.8, 148.4 ],
																									"rotationOrigin": [ 1.9, 0.3, 1.4 ],
																									"rotationY": 19.0,
																									"faces": {
																										"north": { "texture": "#skin", "uv": [ 334.8, 47.4, 340.2, 49.8 ], "autoUv": false },
																										"east": { "texture": "#skin", "uv": [ 254.4, 85.2, 267.0, 87.6 ], "autoUv": false },
																										"south": { "texture": "#skin", "uv": [ 330.0, 50.4, 335.4, 52.8 ], "autoUv": false },
																										"west": { "texture": "#skin", "uv": [ 328.2, 51.6, 340.8, 54.0 ], "autoUv": false },
																										"up": { "texture": "#skin", "uv": [ 255.0, 88.0, 267.0, 93.0 ], "rotation": 90, "autoUv": false },
																										"down": { "texture": "#skin", "uv": [ 328.0, 47.0, 333.0, 59.0 ], "autoUv": false }
																									}
																								},
																								{
																									"name": "Crown33",
																									"from": [ -0.4, 0.2, 0.0 ],
																									"to": [ 0.6, 0.4, 1.3 ],
																									"autoUnwrap": false,
																									"uv": [ 270.0, 132.0 ],
																									"rotationOrigin": [ 0.3, 0.4, 1.3 ],
																									"rotationX": -1.0,
																									"rotationY": 25.0,
																									"rotationZ": -3.0,
																									"faces": {
																										"north": { "texture": "#skin", "uv": [ 253.0, 103.0, 255.0, 111.0 ], "rotation": 90, "autoUv": false },
																										"east": { "texture": "#skin", "uv": [ 327.0, 60.0, 338.0, 62.0 ], "autoUv": false },
																										"south": { "texture": "#skin", "uv": [ 330.0, 52.0, 338.0, 54.0 ], "autoUv": false },
																										"west": { "texture": "#skin", "uv": [ 325.0, 54.0, 336.0, 56.0 ], "autoUv": false },
																										"up": { "texture": "#skin", "uv": [ 255.0, 103.0, 266.0, 111.0 ], "rotation": 90, "autoUv": false },
																										"down": { "texture": "#skin", "uv": [ 330.0, 48.0, 338.0, 59.0 ], "autoUv": false }
																									}
																								}
																							]
																						}
																					]
																				},
																				{
																					"name": "Crown18",
																					"from": [ -0.4, 0.0, 0.0 ],
																					"to": [ 0.0, 0.4, 0.6 ],
																					"uv": [ 324.4, 48.6 ],
																					"rotationOrigin": [ -0.4, 0.4, 0.6 ],
																					"rotationX": -3.0,
																					"faces": {
																						"north": { "texture": "#skin", "uv": [ 324.6, 53.4, 328.2, 57.0 ], "autoUv": false },
																						"east": { "texture": "#skin", "uv": [ 328.2, 53.4, 333.0, 57.0 ], "autoUv": false },
																						"south": { "texture": "#skin", "uv": [ 333.0, 53.4, 336.6, 57.0 ], "autoUv": false },
																						"west": { "texture": "#skin", "uv": [ 337.2, 53.4, 342.0, 57.0 ], "autoUv": false },
																						"up": { "texture": "#skin", "uv": [ 324.6, 48.6, 328.2, 53.4 ], "autoUv": false },
																						"down": { "texture": "#skin", "uv": [ 328.2, 48.6, 331.8, 53.4 ], "autoUv": false }
																					}
																				}
																			]
																		}
																	]
																},
																{
																	"name": "Crown11",
																	"from": [ 0.0, 0.0, 1.4 ],
																	"to": [ 1.0, 0.4, 2.1 ],
																	"autoUnwrap": false,
																	"uv": [ 255.6, 160.0 ],
																	"rotationOrigin": [ 0.0, 0.4, 1.4 ],
																	"rotationX": 50.0,
																	"faces": {
																		"north": { "texture": "#skin", "uv": [ 332.4, 52.2, 340.8, 55.8 ], "autoUv": false },
																		"east": { "texture": "#skin", "uv": [ 332.4, 54.6, 338.4, 58.2 ], "autoUv": false },
																		"south": { "texture": "#skin", "uv": [ 330.6, 57.6, 339.0, 61.2 ], "autoUv": false },
																		"west": { "texture": "#skin", "uv": [ 330.6, 52.8, 336.6, 56.4 ], "autoUv": false },
																		"up": { "texture": "#skin", "uv": [ 283.0, 106.0, 289.0, 114.0 ], "rotation": 90, "autoUv": false },
																		"down": { "texture": "#skin", "uv": [ 328.2, 53.4, 336.6, 59.4 ], "autoUv": false }
																	},
																	"children": [
																		{
																			"name": "Crown14",
																			"from": [ -0.1, 0.1, 0.6 ],
																			"to": [ 0.3, 0.4, 1.4 ],
																			"autoUnwrap": false,
																			"uv": [ 259.8, 130.6 ],
																			"rotationOrigin": [ -0.1, 0.6, 0.6 ],
																			"rotationX": -17.0,
																			"faces": {
																				"north": { "texture": "#skin", "uv": [ 332.0, 53.0, 335.0, 55.0 ], "autoUv": false },
																				"east": { "texture": "#skin", "uv": [ 336.0, 46.0, 343.0, 48.0 ], "autoUv": false },
																				"south": { "texture": "#skin", "uv": [ 295.0, 112.0, 297.0, 115.0 ], "rotation": 90, "autoUv": false },
																				"west": { "texture": "#skin", "uv": [ 289.0, 115.0, 296.0, 117.0 ], "autoUv": false },
																				"up": { "texture": "#skin", "uv": [ 289.0, 112.0, 296.0, 115.0 ], "rotation": 90, "autoUv": false },
																				"down": { "texture": "#skin", "uv": [ 331.0, 49.0, 334.0, 56.0 ], "autoUv": false }
																			}
																		}
																	]
																},
																{
																	"name": "Crown29",
																	"from": [ 0.0, 0.0, -0.7 ],
																	"to": [ 1.0, 0.4, 0.0 ],
																	"autoUnwrap": false,
																	"uv": [ 283.2, 125.4 ],
																	"rotationOrigin": [ 0.0, 0.4, 0.0 ],
																	"rotationX": -50.0,
																	"faces": {
																		"north": { "texture": "#skin", "uv": [ 330.6, 51.0, 339.0, 54.6 ], "autoUv": false },
																		"east": { "texture": "#skin", "uv": [ 326.4, 56.4, 332.4, 60.0 ], "autoUv": false },
																		"south": { "texture": "#skin", "uv": [ 324.0, 54.0, 332.4, 57.6 ], "autoUv": false },
																		"west": { "texture": "#skin", "uv": [ 329.4, 54.6, 335.4, 58.2 ], "autoUv": false },
																		"up": { "texture": "#skin", "uv": [ 265.0, 106.0, 271.0, 114.0 ], "rotation": 90, "autoUv": false },
																		"down": { "texture": "#skin", "uv": [ 329.4, 54.0, 337.8, 60.0 ], "autoUv": false }
																	},
																	"children": [
																		{
																			"name": "Crown30",
																			"from": [ -0.1, 0.1, -0.7 ],
																			"to": [ 0.3, 0.4, 0.1 ],
																			"autoUnwrap": false,
																			"uv": [ 278.4, 137.4 ],
																			"rotationOrigin": [ -0.1, 0.5, 0.1 ],
																			"rotationX": 17.0,
																			"faces": {
																				"north": { "texture": "#skin", "uv": [ 256.0, 111.0, 258.0, 114.0 ], "rotation": 90, "autoUv": false },
																				"east": { "texture": "#skin", "uv": [ 333.0, 50.0, 340.0, 52.0 ], "autoUv": false },
																				"south": { "texture": "#skin", "uv": [ 334.0, 51.0, 337.0, 53.0 ], "autoUv": false },
																				"west": { "texture": "#skin", "uv": [ 258.0, 115.0, 265.0, 117.0 ], "autoUv": false },
																				"up": { "texture": "#skin", "uv": [ 258.0, 111.0, 265.0, 114.0 ], "rotation": 90, "autoUv": false },
																				"down": { "texture": "#skin", "uv": [ 335.0, 49.0, 338.0, 56.0 ], "autoUv": false }
																			}
																		}
																	]
																}
															]
														},
														{
															"name": "Crown7",
															"from": [ 0.0, 0.3, 1.4 ],
															"to": [ 0.8, 0.6, 2.1 ],
															"autoUnwrap": false,
															"uv": [ 279.6, 145.2 ],
															"rotationOrigin": [ 0.0, 0.6, 1.4 ],
															"rotationX": 47.0,
															"faces": {
																"north": { "texture": "#skin", "uv": [ 329.4, 54.0, 336.0, 56.4 ], "autoUv": false },
																"east": { "texture": "#skin", "uv": [ 327.6, 55.8, 333.6, 58.2 ], "autoUv": false },
																"south": { "texture": "#skin", "uv": [ 289.0, 115.0, 291.0, 122.0 ], "rotation": 90, "autoUv": false },
																"west": { "texture": "#skin", "uv": [ 326.4, 54.0, 332.4, 56.4 ], "autoUv": false },
																"up": { "texture": "#skin", "uv": [ 283.0, 115.0, 289.0, 122.0 ], "rotation": 90, "autoUv": false },
																"down": { "texture": "#skin", "uv": [ 331.2, 51.0, 337.8, 57.0 ], "autoUv": false }
															},
															"children": [
																{
																	"name": "Crown16",
																	"from": [ -0.3, 0.0, 0.0 ],
																	"to": [ 0.0, 0.3, 0.7 ],
																	"autoUnwrap": false,
																	"uv": [ 290.0, 147.6 ],
																	"rotationOrigin": [ -0.3, 0.2, 0.0 ],
																	"rotationZ": 8.0,
																	"faces": {
																		"north": { "texture": "#skin", "uv": [ 332.4, 52.2, 334.8, 54.6 ], "autoUv": false },
																		"east": { "texture": "#skin", "uv": [ 330.6, 49.8, 336.6, 52.2 ], "autoUv": false },
																		"south": { "texture": "#skin", "uv": [ 292.2, 121.2, 294.6, 123.6 ], "autoUv": false },
																		"west": { "texture": "#skin", "uv": [ 331.2, 57.0, 337.2, 59.4 ], "autoUv": false },
																		"up": { "texture": "#skin", "uv": [ 286.0, 121.0, 292.0, 123.0 ], "rotation": 90, "autoUv": false },
																		"down": { "texture": "#skin", "uv": [ 331.8, 49.8, 334.2, 55.8 ], "autoUv": false }
																	}
																},
																{
																	"name": "Crown8",
																	"from": [ 0.1, 0.1, 0.7 ],
																	"to": [ 0.4, 0.2, 1.8 ],
																	"autoUnwrap": false,
																	"uv": [ 254.4, 130.0 ],
																	"renderInEditor": false,
																	"rotationOrigin": [ 0.1, 0.4, 0.7 ],
																	"rotationX": -8.0,
																	"rotationY": 52.6,
																	"rotationZ": 5.6,
																	"faces": {
																		"north": { "texture": "#skin", "uv": [ 335.4, 52.8, 337.8, 54.0 ], "autoUv": false },
																		"east": { "texture": "#skin", "uv": [ 325.2, 47.4, 334.2, 48.6 ], "autoUv": false },
																		"south": { "texture": "#skin", "uv": [ 331.8, 54.0, 334.2, 55.2 ], "autoUv": false },
																		"west": { "texture": "#skin", "uv": [ 286.2, 120.0, 295.2, 121.2 ], "autoUv": false },
																		"up": { "texture": "#skin", "uv": [ 286.0, 118.0, 295.0, 120.0 ], "rotation": 90, "autoUv": false },
																		"down": { "texture": "#skin", "uv": [ 332.4, 48.6, 334.8, 57.6 ], "autoUv": false }
																	}
																}
															]
														},
														{
															"name": "Crown23",
															"from": [ 0.0, 0.3, -0.7 ],
															"to": [ 0.8, 0.6, 0.0 ],
															"autoUnwrap": false,
															"uv": [ 285.8, 132.0 ],
															"rotationOrigin": [ 0.0, 0.6, 0.0 ],
															"rotationX": -47.0,
															"faces": {
																"north": { "texture": "#skin", "uv": [ 262.0, 115.0, 264.0, 122.0 ], "rotation": 90, "autoUv": false },
																"east": { "texture": "#skin", "uv": [ 329.4, 54.0, 335.4, 56.4 ], "autoUv": false },
																"south": { "texture": "#skin", "uv": [ 327.0, 55.8, 333.6, 58.2 ], "autoUv": false },
																"west": { "texture": "#skin", "uv": [ 325.8, 60.0, 331.8, 62.4 ], "autoUv": false },
																"up": { "texture": "#skin", "uv": [ 265.0, 115.0, 271.0, 122.0 ], "rotation": 90, "autoUv": false },
																"down": { "texture": "#skin", "uv": [ 330.6, 51.0, 337.2, 57.0 ], "autoUv": false }
															},
															"children": [
																{
																	"name": "Crown25",
																	"from": [ -0.3, 0.0, 0.0 ],
																	"to": [ 0.0, 0.3, 0.7 ],
																	"autoUnwrap": false,
																	"uv": [ 267.0, 147.6 ],
																	"rotationOrigin": [ -0.3, 0.2, 0.7 ],
																	"rotationZ": 8.0,
																	"faces": {
																		"north": { "texture": "#skin", "uv": [ 332.4, 55.2, 334.8, 57.6 ], "autoUv": false },
																		"east": { "texture": "#skin", "uv": [ 323.4, 52.2, 329.4, 54.6 ], "autoUv": false },
																		"south": { "texture": "#skin", "uv": [ 331.8, 46.8, 334.2, 49.2 ], "autoUv": false },
																		"west": { "texture": "#skin", "uv": [ 332.4, 51.0, 338.4, 53.4 ], "autoUv": false },
																		"up": { "texture": "#skin", "uv": [ 261.0, 121.0, 267.0, 123.0 ], "rotation": 90, "autoUv": false },
																		"down": { "texture": "#skin", "uv": [ 331.2, 58.8, 333.6, 64.8 ], "autoUv": false }
																	}
																},
																{
																	"name": "Crown24",
																	"from": [ 0.1, 0.1, -1.0 ],
																	"to": [ 0.5, 0.2, 0.1 ],
																	"autoUnwrap": false,
																	"uv": [ 268.0, 129.6 ],
																	"rotationOrigin": [ 0.1, 0.4, 0.1 ],
																	"rotationX": 8.0,
																	"rotationY": -52.6,
																	"rotationZ": 5.6,
																	"faces": {
																		"north": { "texture": "#skin", "uv": [ 335.4, 54.6, 338.4, 55.8 ], "autoUv": false },
																		"east": { "texture": "#skin", "uv": [ 327.6, 55.8, 336.6, 57.0 ], "autoUv": false },
																		"south": { "texture": "#skin", "uv": [ 333.0, 45.0, 336.0, 46.2 ], "autoUv": false },
																		"west": { "texture": "#skin", "uv": [ 258.0, 120.0, 267.0, 121.2 ], "autoUv": false },
																		"up": { "texture": "#skin", "uv": [ 258.0, 117.0, 267.0, 120.0 ], "rotation": 90, "autoUv": false },
																		"down": { "texture": "#skin", "uv": [ 330.0, 55.0, 339.0, 58.0 ], "rotation": 90, "autoUv": false }
																	}
																}
															]
														}
													]
												},
												{
													"name": "Crown5",
													"from": [ -0.4, 0.1, 0.0 ],
													"to": [ 0.0, 0.8, 1.4 ],
													"autoUnwrap": false,
													"uv": [ 268.8, 142.8 ],
													"rotationOrigin": [ -0.4, 0.3, 0.0 ],
													"faces": {
														"north": { "texture": "#skin", "uv": [ 267.0, 121.8, 270.6, 127.8 ], "autoUv": false },
														"south": { "texture": "#skin", "uv": [ 282.0, 121.8, 285.6, 127.8 ], "autoUv": false },
														"west": { "texture": "#skin", "uv": [ 270.6, 122.4, 282.6, 128.4 ], "autoUv": false },
														"up": { "texture": "#skin", "uv": [ 271.0, 121.0, 283.0, 124.0 ], "rotation": 90, "autoUv": false }
													}
												},
												{
													"name": "Crown35",
													"from": [ -0.8, 0.7, 0.1 ],
													"to": [ -0.3, 1.0, 1.3 ],
													"autoUnwrap": false,
													"uv": [ 104.3333, 66.6667 ],
													"rotationOrigin": [ -0.8, 1.0, 0.1 ],
													"rotationZ": -19.0,
													"faces": {
														"north": { "texture": "#skin", "uv": [ 46.8, 84.0, 51.0, 85.8 ], "autoUv": false },
														"east": { "texture": "#skin", "uv": [ 333.6, 338.4, 344.4, 340.2 ], "autoUv": false },
														"south": { "texture": "#skin", "uv": [ 46.8, 84.0, 51.0, 85.8 ], "autoUv": false },
														"west": { "texture": "#skin", "uv": [ 271.2, 123.6, 282.0, 125.4 ], "autoUv": false },
														"up": { "texture": "#skin", "uv": [ 271.0, 124.0, 281.0, 128.0 ], "rotation": 90, "autoUv": false },
														"down": { "texture": "#skin", "uv": [ 49.8, 58.8, 54.0, 69.6 ], "autoUv": false }
													}
												},
												{
													"name": "Crown38",
													"from": [ -1.4, -0.1, 0.1 ],
													"to": [ -1.2, 1.0, 1.2 ],
													"autoUnwrap": false,
													"uv": [ 108.0, 91.6667 ],
													"rotationOrigin": [ -1.4, -0.1, 0.1 ],
													"rotationZ": -30.0,
													"faces": {
														"north": { "texture": "#skin", "uv": [ 45.0, 86.0, 46.0, 95.0 ], "autoUv": false },
														"east": { "texture": "#skin", "uv": [ 22.0, 5.0, 31.0, 14.0 ], "autoUv": false },
														"south": { "texture": "#skin", "uv": [ 45.0, 86.0, 46.0, 95.0 ], "autoUv": false },
														"west": { "texture": "#skin", "uv": [ 22.0, 5.0, 31.0, 14.0 ], "autoUv": false },
														"up": { "texture": "#skin", "uv": [ 49.0, 59.0, 50.0, 68.0 ], "autoUv": false },
														"down": { "texture": "#skin", "uv": [ 349.0, 50.0, 350.0, 59.0 ], "autoUv": false }
													}
												}
											]
										},
										{
											"name": "Brain",
											"from": [ 1.0, 2.0, 1.0 ],
											"to": [ 2.0, 3.0, 2.0 ],
											"uv": [ 0.0, 0.0 ],
											"rotationOrigin": [ 1.0, 2.0, 1.0 ],
											"faces": {
											}
										}
									],
									"attachmentpoints": [
										{
											"code": "HeadAP",
											"posX": "0.0","posY": "0.0","posZ": "0.0",
											"rotationX": "0.0","rotationY": "0.0","rotationZ": "0.0"
										}
									]
								}
							]
						}
					],
					"attachmentpoints": [
						{
							"code": "rope",
							"posX": "0.0","posY": "0.0","posZ": "0.0",
							"rotationX": "0.0","rotationY": "0.0","rotationZ": "0.0"
						},
						{
							"code": "NeckAP",
							"posX": "0.0","posY": "0.0","posZ": "0.0",
							"rotationX": "0.0","rotationY": "0.0","rotationZ": "0.0"
						}
					]
				}
			]
		}
	]}