{
	"editor": {
		"collapsedPaths": "Root/main/Neck2,Root/main/Body/Torso/Body Back/Body Back2,Root/main/Crown/Crown7/Crown8,Root/main/Head,Root/main/Body/Torso/Neck/Neck2/Head/Crown/Crown2/Crown3/Crown4/Crown9/Crown10/Horn19,Root/main/Body/Torso/Neck/Neck2/Head/Crown/Crown2/Crown3/Crown4/Crown31/Crown32/Horn35,Root/main/Body/Torso/Body Back/Body Back3,Root/main/Body/Torso/Neck/Neck2/Head/Crown/Crown2/Crown3/Crown4/Crown9/Crown10/Crown12,Root/main/Body/Torso/Neck/Neck2/Head/Crown/Crown2/Crown3/Crown4/Crown31/Crown32/Horn37,Root/main/Body/Torso/Body Back/Ta,Root/main/Body/Torso/Neck/Neck2/Head/Crown/Crown2/Crown3/Crown4/Crown9/Crown10/Crown15,Root/main/Body/Torso/Neck/Neck2/Head/Crown/Crown2/Crown3/Crown4/Crown31/Crown32/Horn31,Root/main/Body/Torso/Neck/Neck2/Head/Crown/Crown2/Crown3/Crown4/Crown31/Crown32/Horn33,Root/main/Body/BodyBF,Root/main/Neck,Root/main/Head/Head2/Head3/Eyes,Root/main/Body/Torso/Neck/Neck2/Head/Crown/Crown2/Crown3/Crown4/Crown9/Crown10/Horn21,Root/main/Body/Body Back,Root/main/Body/Torso/Neck/Neck2/Head/Crown/Crown2/Crown3/Crown4/Crown9/Crown10/Horn23,Root/main/Body/Torso/Neck/Neck2/Head/Crown/Crown2/Crown3/Crown4/Crown9/Crown10/Horn25,Root/main/Body/Crown,Root/main/Body/Body Back/Tail/Spikes4,Root/main/Body/Torso/Neck/Neck2/Crown,Root/main/Body/Torso/Neck/Neck2/Head/Head2/Head3/Head4/Head9/Nose Horn,Root/main/Body/Torso/Neck/Head/Crown,Root/main/Crown/Crown36,Root/main/Body/BodyTF/Spikes2,Root/main/Body Back2,Root/main/Body/Torso/Neck/Neck2/Head/Crown/Crown2/Crown3/Crown4/Crown31/Crown32/Crown33,Root/main/Body/Torso/Neck/Neck2/Head/Crown/Crown2/Crown3/Crown4/Crown31/Crown32/Crown34,Root/main/Body/Body Back/Leg Back R,Root/main/Crown/Crown20,Root/main/Body Back,Root/main/Body/Torso/Leg Back L,Root/main/Body/Torso/Neck/Neck2/Head/Crown/Crown2/Crown3/Crown4/Crown9/Cube2,Root/main/Body/Torso/Spikes9,Root/main/Body/Torso/Leg Back R",
		"allAngles": true,
		"entityTextureMode": true
	},
	"textureWidth": 360,
	"textureHeight": 360,
	"textureSizes": {
		"triceratops-adult": [360,360]
	},
	"textures": {
	},
	"elements": [
		{
			"name": "main",
			"from": [ 0.0, 22.4, 0.0 ],
			"to": [ 0.0, 22.4, 0.0 ],
			"uv": [ 0.0, 0.0 ],
			"rotationOrigin": [ 7.2, 22.4, 7.2 ],
			"faces": {
				"north": { "texture": "#skin", "uv": [ 0.0, 0.5, 0.5, 1.0 ], "autoUv": false },
				"east": { "texture": "#skin", "uv": [ 0.5, 0.5, 1.0, 1.0 ], "autoUv": false },
				"south": { "texture": "#skin", "uv": [ 1.0, 0.5, 1.5, 1.0 ], "autoUv": false },
				"west": { "texture": "#skin", "uv": [ 1.5, 0.5, 2.0, 1.0 ], "autoUv": false },
				"up": { "texture": "#skin", "uv": [ 0.0, 0.0, 0.5, 0.5 ], "autoUv": false },
				"down": { "texture": "#skin", "uv": [ 0.5, 0.0, 1.0, 0.5 ], "autoUv": false }
			},
			"children": [
				{
					"name": "Neck",
					"from": [ -0.41, -18.24, -2.4 ],
					"to": [ 18.59, -1.64, 15.2 ],
					"autoUnwrap": false,
					"uv": [ 121.3333, 48.0 ],
					"rotationOrigin": [ 12.3856, -8.6417, 7.2 ],
					"rotationZ": 3.0,
					"faces": {
						"north": { "texture": "#skin", "uv": [ 75.0, 94.2, 94.8, 115.8 ], "autoUv": false },
						"east": { "texture": "#skin", "uv": [ 5.4, 333.0, 27.0, 354.6 ], "autoUv": false },
						"south": { "texture": "#skin", "uv": [ 75.0, 93.6, 94.8, 115.2 ], "autoUv": false },
						"west": { "texture": "#skin", "uv": [ 61.8, 10.8, 83.4, 32.4 ], "autoUv": false },
						"up": { "texture": "#skin", "uv": [ 73.8, 52.8, 93.6, 74.4 ], "autoUv": false },
						"down": { "texture": "#skin", "uv": [ 76.2, 147.6, 96.0, 169.2 ], "autoUv": false }
					},
					"children": [
						{
							"name": "BodyTF5",
							"from": [ 0.0, 15.6, 3.2 ],
							"to": [ 19.0, 20.4, 14.4 ],
							"autoUnwrap": false,
							"uv": [ 122.0, 60.0 ],
							"rotationOrigin": [ 0.0, 15.6, 3.2 ],
							"faces": {
								"north": { "texture": "#skin", "uv": [ 76.0, 88.0, 96.0, 94.0 ], "autoUv": false },
								"east": { "texture": "#skin", "uv": [ 66.0, 4.0, 80.0, 10.0 ], "autoUv": false },
								"south": { "texture": "#skin", "uv": [ 76.0, 87.0, 96.0, 93.0 ], "autoUv": false },
								"west": { "texture": "#skin", "uv": [ 65.0, 5.0, 79.0, 11.0 ], "autoUv": false },
								"up": { "texture": "#skin", "uv": [ 74.0, 56.0, 94.0, 70.0 ], "autoUv": false },
								"down": { "texture": "#skin", "uv": [ 340.0, 0.0, 360.0, 14.0 ], "autoUv": false }
							}
						},
						{
							"name": "BodyBF5",
							"from": [ 0.0, -3.2, 1.6 ],
							"to": [ 19.0, 0.0, 16.0 ],
							"autoUnwrap": false,
							"uv": [ 112.6667, 70.3367 ],
							"rotationOrigin": [ 0.0, -3.2, 1.6 ],
							"faces": {
								"north": { "texture": "#skin", "uv": [ 75.6, 115.8, 95.4, 119.4 ], "autoUv": false },
								"east": { "texture": "#skin", "uv": [ 330.0, 342.6, 348.0, 346.2 ], "autoUv": false },
								"south": { "texture": "#skin", "uv": [ 75.6, 115.8, 95.4, 119.4 ], "autoUv": false },
								"west": { "texture": "#skin", "uv": [ 64.2, 33.0, 82.2, 36.6 ], "autoUv": false },
								"up": { "texture": "#skin", "uv": [ 6.0, 336.6, 25.8, 354.6 ], "autoUv": false },
								"down": { "texture": "#skin", "uv": [ 75.6, 149.4, 95.4, 167.4 ], "autoUv": false }
							}
						},
						{
							"name": "Neck2",
							"from": [ -4.8, 0.8, 0.8 ],
							"to": [ 3.2, 16.8, 16.8 ],
							"autoUnwrap": false,
							"uv": [ 104.0, 70.3333 ],
							"rotationOrigin": [ 0.0, 8.8, 8.8 ],
							"faces": {
								"north": { "texture": "#skin", "uv": [ 66.0, 93.0, 74.0, 109.0 ] },
								"east": { "texture": "#skin", "uv": [ 64.0, 12.0, 80.0, 28.0 ] },
								"south": { "texture": "#skin", "uv": [ 66.0, 93.0, 74.0, 109.0 ] },
								"west": { "texture": "#skin", "uv": [ 62.0, 11.0, 78.0, 27.0 ] },
								"up": { "texture": "#skin", "uv": [ 66.0, 54.0, 74.0, 70.0 ] },
								"down": { "texture": "#skin", "uv": [ 65.0, 149.0, 73.0, 165.0 ] }
							},
							"children": [
								{
									"name": "BodyTF6",
									"from": [ 0.0, 16.0, 3.2 ],
									"to": [ 8.0, 18.8, 12.8 ],
									"autoUnwrap": false,
									"uv": [ 101.67, 81.0 ],
									"rotationOrigin": [ 0.0, 16.0, 3.2 ],
									"faces": {
										"north": { "texture": "#skin", "uv": [ 66.0, 87.0, 76.0, 93.0 ], "autoUv": false },
										"east": { "texture": "#skin", "uv": [ 67.0, 6.0, 76.0, 8.0 ] },
										"south": { "texture": "#skin", "uv": [ 66.0, 87.0, 76.0, 93.0 ], "autoUv": false },
										"west": { "texture": "#skin", "uv": [ 66.0, 5.0, 78.0, 11.0 ], "autoUv": false, "windMode": [-1,-1,-1,-1], "windData": [3,3,3,3] },
										"up": { "texture": "#skin", "uv": [ 66.0, 58.0, 76.0, 70.0 ], "autoUv": false },
										"down": { "texture": "#skin", "uv": [ 65.0, 153.0, 75.0, 165.0 ], "autoUv": false }
									}
								},
								{
									"name": "BodyBF6",
									"from": [ 0.0, -3.2, 1.6 ],
									"to": [ 8.0, 0.0, 14.4 ],
									"autoUnwrap": false,
									"uv": [ 106.6667, 81.6667 ],
									"rotationOrigin": [ 0.0, -3.2, 1.6 ],
									"faces": {
										"north": { "texture": "#skin", "uv": [ 66.0, 113.0, 76.0, 117.0 ], "autoUv": false },
										"east": { "texture": "#skin", "uv": [ 325.0, 338.0, 341.0, 342.0 ], "autoUv": false },
										"south": { "texture": "#skin", "uv": [ 66.0, 113.0, 76.0, 117.0 ], "autoUv": false },
										"west": { "texture": "#skin", "uv": [ 65.0, 32.0, 81.0, 36.0 ], "autoUv": false },
										"up": { "texture": "#skin", "uv": [ 7.0, 338.0, 17.0, 354.0 ], "autoUv": false },
										"down": { "texture": "#skin", "uv": [ 65.0, 151.0, 75.0, 167.0 ], "autoUv": false }
									}
								},
								{
									"name": "Head",
									"from": [ -10.3, 1.6, 0.1 ],
									"to": [ 4.8, 15.4, 16.2 ],
									"autoUnwrap": false,
									"uv": [ 86.6667, 77.0 ],
									"rotationOrigin": [ 1.2, 8.5, 8.1 ],
									"rotationZ": 22.0,
									"faces": {
										"north": { "texture": "#skin", "uv": [ 53.0, 92.0, 68.0, 106.0 ], "rotation": 180, "autoUv": false },
										"east": { "texture": "#skin", "uv": [ 65.0, 11.0, 81.0, 24.0 ] },
										"south": { "texture": "#skin", "uv": [ 53.0, 93.0, 68.0, 107.0 ], "autoUv": false },
										"west": { "texture": "#skin", "uv": [ 37.0, 11.0, 53.0, 25.0 ], "autoUv": false },
										"up": { "texture": "#skin", "uv": [ 60.0, 56.0, 75.0, 72.0 ], "autoUv": false },
										"down": { "texture": "#skin", "uv": [ 53.0, 150.0, 68.0, 166.0 ], "autoUv": false }
									},
									"children": [
										{
											"name": "Head2",
											"from": [ -11.5, 0.0, 3.5 ],
											"to": [ 0.0, 13.8, 12.7 ],
											"autoUnwrap": false,
											"uv": [ 94.0, 91.6667 ],
											"rotationOrigin": [ -11.5, 0.0, 3.5 ],
											"faces": {
												"north": { "texture": "#skin", "uv": [ 40.8, 93.0, 52.8, 107.4 ], "autoUv": false },
												"east": { "texture": "#skin", "uv": [ 327.6, 331.2, 337.2, 345.6 ], "autoUv": false },
												"south": { "texture": "#skin", "uv": [ 41.0, 93.0, 53.0, 107.0 ], "autoUv": false },
												"west": { "texture": "#skin", "uv": [ 21.6, 14.4, 31.2, 28.8 ], "autoUv": false },
												"up": { "texture": "#skin", "uv": [ 37.2, 59.4, 49.2, 69.0 ], "autoUv": false },
												"down": { "texture": "#skin", "uv": [ 35.0, 154.0, 47.0, 163.0 ], "rotation": 180, "autoUv": false }
											},
											"children": [
												{
													"name": "Head3",
													"from": [ -7.9, 0.0, 0.2 ],
													"to": [ 3.6, 13.5, 9.1 ],
													"autoUnwrap": false,
													"uv": [ 89.6667, 78.6667 ],
													"rotationOrigin": [ -7.9, 0.0, 0.2 ],
													"faces": {
														"north": { "texture": "#skin", "uv": [ 29.0, 95.0, 41.0, 107.0 ], "rotation": 90, "autoUv": false },
														"east": { "texture": "#skin", "uv": [ 16.0, 337.0, 25.0, 349.0 ], "autoUv": false },
														"south": { "texture": "#skin", "uv": [ 29.0, 95.0, 41.0, 107.0 ], "autoUv": false },
														"west": { "texture": "#skin", "uv": [ 22.0, 14.0, 31.0, 26.0 ], "autoUv": false },
														"up": { "texture": "#skin", "uv": [ 34.0, 60.0, 46.0, 69.0 ], "autoUv": false },
														"down": { "texture": "#skin", "uv": [ 9.0, 76.0, 18.0, 85.0 ], "autoUv": false }
													},
													"children": [
														{
															"name": "Head4",
															"from": [ -1.6, 1.8, 0.4 ],
															"to": [ 6.0, 12.1, 8.4 ],
															"autoUnwrap": false,
															"uv": [ 81.33, 98.67 ],
															"rotationOrigin": [ -1.6, 12.2, 5.0 ],
															"rotationZ": -22.0,
															"faces": {
																"north": { "texture": "#skin", "uv": [ 22.0, 97.0, 29.0, 107.0 ], "autoUv": false },
																"east": { "texture": "#skin", "uv": [ 22.0, 14.0, 30.0, 24.0 ], "autoUv": false },
																"south": { "texture": "#skin", "uv": [ 22.0, 97.0, 29.0, 107.0 ], "autoUv": false },
																"west": { "texture": "#skin", "uv": [ 22.0, 14.0, 30.0, 24.0 ], "autoUv": false },
																"up": { "texture": "#skin", "uv": [ 29.0, 60.0, 36.0, 68.0 ], "autoUv": false, "windMode": [-1,-1,-1,-1], "windData": [2,2,2,2] },
																"down": { "texture": "#skin", "uv": [ 345.0, 55.0, 352.0, 63.0 ], "autoUv": false }
															},
															"children": [
																{
																	"name": "Head9",
																	"from": [ 0.0, 7.0, 0.1 ],
																	"to": [ 3.4, 10.5, 7.9 ],
																	"autoUnwrap": false,
																	"uv": [ 96.6667, 83.6667 ],
																	"rotationOrigin": [ 0.0, 10.3, 2.4 ],
																	"rotationZ": 69.0,
																	"faces": {
																		"north": { "texture": "#skin", "uv": [ 22.0, 95.0, 27.0, 98.0 ], "autoUv": false },
																		"east": { "texture": "#skin", "uv": [ 22.0, 11.0, 30.0, 14.0 ], "autoUv": false },
																		"south": { "texture": "#skin", "uv": [ 22.0, 95.0, 27.0, 98.0 ], "autoUv": false },
																		"west": { "texture": "#skin", "uv": [ 325.0, 330.0, 333.0, 333.0 ], "autoUv": false },
																		"up": { "texture": "#skin", "uv": [ 25.0, 60.0, 30.0, 68.0 ], "autoUv": false },
																		"down": { "texture": "#skin", "uv": [ 334.0, 331.0, 339.0, 339.0 ], "autoUv": false }
																	}
																},
																{
																	"name": "Beak",
																	"from": [ 0.0, -4.6, 0.5 ],
																	"to": [ 3.7, 0.0, 7.6 ],
																	"autoUnwrap": false,
																	"uv": [ 106.0, 82.0 ],
																	"rotationOrigin": [ 0.0, 0.0, 5.0 ],
																	"rotationZ": 25.0,
																	"faces": {
																		"north": { "texture": "#skin", "uv": [ 22.0, 107.0, 25.0, 111.0 ], "autoUv": false },
																		"east": { "texture": "#skin", "uv": [ 23.0, 25.0, 30.0, 29.0 ], "autoUv": false },
																		"south": { "texture": "#skin", "uv": [ 22.0, 107.0, 25.0, 111.0 ], "autoUv": false },
																		"west": { "texture": "#skin", "uv": [ 23.0, 25.0, 30.0, 29.0 ], "autoUv": false },
																		"up": { "texture": "#skin", "uv": [ 337.0, 330.0, 340.0, 337.0 ], "autoUv": false },
																		"down": { "texture": "#skin", "uv": [ 354.0, 54.0, 357.0, 61.0 ], "autoUv": false }
																	},
																	"children": [
																		{
																			"name": "Beak2",
																			"from": [ -0.7, -0.6, 1.2 ],
																			"to": [ 1.9, 2.0, 7.0 ],
																			"autoUnwrap": false,
																			"uv": [ 110.0, 60.0 ],
																			"rotationOrigin": [ 2.2, 2.2, 3.5 ],
																			"rotationZ": 42.0,
																			"faces": {
																				"north": { "texture": "#skin", "uv": [ 26.0, 112.0, 28.0, 114.0 ], "autoUv": false },
																				"east": { "texture": "#skin", "uv": [ 329.0, 329.0, 335.0, 331.0 ], "autoUv": false },
																				"south": { "texture": "#skin", "uv": [ 26.0, 112.0, 28.0, 114.0 ], "rotation": 90, "autoUv": false },
																				"west": { "texture": "#skin", "uv": [ 23.0, 32.0, 29.0, 34.0 ], "autoUv": false },
																				"up": { "texture": "#skin", "uv": [ 19.0, 340.0, 21.0, 346.0 ], "autoUv": false },
																				"down": { "texture": "#skin", "uv": [ 25.0, 35.0, 31.0, 37.0 ], "rotation": 90, "autoUv": false }
																			}
																		}
																	]
																},
																{
																	"name": "Head18",
																	"from": [ 1.7, -2.6, 0.6 ],
																	"to": [ 5.4, 2.9, 7.5 ],
																	"autoUnwrap": false,
																	"uv": [ 101.0, 98.3333 ],
																	"rotationOrigin": [ 5.5, -2.9, 5.2 ],
																	"rotationZ": -36.0,
																	"faces": {
																		"north": { "texture": "#skin", "uv": [ 23.0, 106.0, 26.0, 111.0 ], "autoUv": false },
																		"east": { "texture": "#skin", "uv": [ 23.0, 25.0, 30.0, 30.0 ], "autoUv": false },
																		"south": { "texture": "#skin", "uv": [ 23.0, 106.0, 26.0, 111.0 ], "autoUv": false },
																		"west": { "texture": "#skin", "uv": [ 329.0, 337.0, 336.0, 342.0 ], "autoUv": false },
																		"up": { "texture": "#skin", "uv": [ 349.0, 50.0, 352.0, 57.0 ], "autoUv": false },
																		"down": { "texture": "#skin", "uv": [ 353.0, 52.0, 356.0, 59.0 ], "autoUv": false }
																	}
																}
															]
														},
														{
															"name": "Head12",
															"from": [ 0.0, 8.0, 0.4 ],
															"to": [ 11.9, 11.5, 8.4 ],
															"autoUnwrap": false,
															"uv": [ 96.3333, 97.0 ],
															"rotationOrigin": [ 0.0, 11.5, 0.4 ],
															"rotationZ": 11.0,
															"faces": {
																"north": { "texture": "#skin", "uv": [ 29.0, 95.0, 41.0, 98.0 ], "autoUv": false },
																"east": { "texture": "#skin", "uv": [ 332.0, 340.0, 340.0, 343.0 ], "autoUv": false },
																"south": { "texture": "#skin", "uv": [ 29.0, 95.0, 41.0, 98.0 ], "autoUv": false },
																"west": { "texture": "#skin", "uv": [ 328.0, 330.0, 336.0, 333.0 ], "autoUv": false },
																"up": { "texture": "#skin", "uv": [ 29.0, 60.0, 41.0, 68.0 ], "autoUv": false },
																"down": { "texture": "#skin", "uv": [ 338.0, 339.0, 350.0, 347.0 ], "autoUv": false }
															}
														},
														{
															"name": "Head15",
															"from": [ 5.0, 3.2, 1.6 ],
															"to": [ 18.5, 15.5, 7.4 ],
															"autoUnwrap": false,
															"uv": [ 108.6667, 82.6667 ],
															"rotationOrigin": [ 5.0, 5.5, 1.6 ],
															"rotationZ": 28.0,
															"faces": {
																"north": { "texture": "#skin", "uv": [ 28.8, 94.2, 43.2, 96.6 ], "autoUv": false },
																"east": { "texture": "#skin", "uv": [ 333.0, 332.4, 339.0, 334.8 ], "autoUv": false },
																"south": { "texture": "#skin", "uv": [ 28.8, 94.2, 43.2, 96.6 ], "autoUv": false },
																"west": { "texture": "#skin", "uv": [ 332.4, 334.2, 338.4, 336.6 ], "autoUv": false },
																"up": { "texture": "#skin", "uv": [ 34.2, 61.2, 48.6, 67.2 ], "autoUv": false },
																"down": { "texture": "#skin", "uv": [ 333.6, 329.4, 348.0, 335.4 ], "autoUv": false }
															}
														}
													]
												},
												{
													"name": "Eyes",
													"from": [ 3.1, 13.7, 0.1 ],
													"to": [ 9.7, 19.1, 9.1 ],
													"autoUnwrap": false,
													"uv": [ 96.0, 63.0 ],
													"rotationOrigin": [ 3.1, 17.2, 0.1 ],
													"rotationZ": -19.0,
													"faces": {
														"north": { "texture": "#skin", "uv": [ 47.0, 86.0, 51.0, 91.0 ], "autoUv": false },
														"east": { "texture": "#skin", "uv": [ 332.0, 333.0, 341.0, 338.0 ], "autoUv": false },
														"south": { "texture": "#skin", "uv": [ 47.0, 86.0, 51.0, 91.0 ], "autoUv": false },
														"west": { "texture": "#skin", "uv": [ 333.0, 334.0, 342.0, 339.0 ], "autoUv": false },
														"up": { "texture": "#skin", "uv": [ 334.0, 335.0, 338.0, 344.0 ], "autoUv": false },
														"down": { "texture": "#skin", "uv": [ 332.0, 332.0, 336.0, 341.0 ], "autoUv": false }
													},
													"children": [
														{
															"name": "EyeR",
															"from": [ 0.8, 1.7, 0.0 ],
															"to": [ 4.3, 4.0, 2.3 ],
															"autoUnwrap": false,
															"uv": [ 8.0, 40.0 ],
															"rotationOrigin": [ 0.8, 5.2, 0.0 ],
															"rotationX": -5.4,
															"rotationY": 18.2,
															"rotationZ": 16.9,
															"faces": {
																"north": { "texture": "#skin", "uv": [ 13.0, 51.0, 17.0, 55.0 ], "rotation": 180, "autoUv": false },
																"east": { "texture": "#skin", "uv": [ 4.0, 52.0, 6.0, 54.0 ], "autoUv": false },
																"south": { "texture": "#skin", "uv": [ 349.0, 8.0, 352.0, 10.0 ], "autoUv": false },
																"west": { "texture": "#skin", "uv": [ 9.0, 52.0, 11.0, 54.0 ], "autoUv": false },
																"up": { "texture": "#skin", "uv": [ 6.0, 50.0, 9.0, 52.0 ], "autoUv": false },
																"down": { "texture": "#skin", "uv": [ 6.0, 54.0, 9.0, 56.0 ], "autoUv": false }
															}
														},
														{
															"name": "EyeL",
															"from": [ 0.8, 1.7, 6.8 ],
															"to": [ 4.3, 4.0, 9.1 ],
															"autoUnwrap": false,
															"uv": [ 23.0, 46.0 ],
															"rotationOrigin": [ 0.8, 5.2, 6.8 ],
															"rotationX": 5.4,
															"rotationY": -18.2,
															"rotationZ": 16.9,
															"faces": {
																"north": { "texture": "#skin", "uv": [ 350.0, 7.0, 353.0, 9.0 ], "autoUv": false },
																"east": { "texture": "#skin", "uv": [ 16.0, 52.0, 18.0, 54.0 ], "autoUv": false },
																"south": { "texture": "#skin", "uv": [ 5.0, 51.0, 9.0, 55.0 ], "rotation": 180, "autoUv": false },
																"west": { "texture": "#skin", "uv": [ 11.0, 52.0, 13.0, 54.0 ], "autoUv": false },
																"up": { "texture": "#skin", "uv": [ 13.0, 50.0, 16.0, 52.0 ], "autoUv": false },
																"down": { "texture": "#skin", "uv": [ 13.0, 54.0, 16.0, 56.0 ], "autoUv": false }
															}
														}
													]
												}
											],
											"attachmentpoints": [
												{
													"code": "FaceAP",
													"posX": "0.0","posY": "0.0","posZ": "0.0",
													"rotationX": "0.0","rotationY": "0.0","rotationZ": "0.0"
												}
											]
										},
										{
											"name": "Head6",
											"from": [ 0.0, -7.0, 1.2 ],
											"to": [ 15.1, 0.0, 15.0 ],
											"autoUnwrap": false,
											"uv": [ 99.3333, 80.6667 ],
											"rotationOrigin": [ 0.0, -7.0, 1.2 ],
											"faces": {
												"north": { "texture": "#skin", "uv": [ 53.0, 107.0, 68.0, 114.0 ], "autoUv": false },
												"east": { "texture": "#skin", "uv": [ 332.0, 343.0, 346.0, 350.0 ], "autoUv": false },
												"south": { "texture": "#skin", "uv": [ 53.0, 107.0, 68.0, 114.0 ], "autoUv": false },
												"west": { "texture": "#skin", "uv": [ 38.0, 24.0, 52.0, 31.0 ], "autoUv": false },
												"up": { "texture": "#skin", "uv": [ 324.0, 331.0, 339.0, 345.0 ], "autoUv": false },
												"down": { "texture": "#skin", "uv": [ 53.0, 151.0, 68.0, 165.0 ], "autoUv": false }
											},
											"children": [
												{
													"name": "Head7",
													"from": [ -11.5, 0.0, 3.1 ],
													"to": [ 0.6, 7.0, 10.8 ],
													"autoUnwrap": false,
													"uv": [ 79.6667, 97.3333 ],
													"rotationOrigin": [ -11.5, 0.0, 3.1 ],
													"faces": {
														"north": { "texture": "#skin", "uv": [ 41.0, 107.0, 53.0, 114.0 ], "autoUv": false },
														"east": { "texture": "#skin", "uv": [ 331.0, 335.0, 339.0, 342.0 ], "autoUv": false },
														"south": { "texture": "#skin", "uv": [ 41.0, 107.0, 53.0, 114.0 ], "autoUv": false },
														"west": { "texture": "#skin", "uv": [ 4.0, 94.0, 14.0, 101.0 ], "autoUv": false },
														"up": { "texture": "#skin", "uv": [ 328.0, 343.0, 340.0, 351.0 ], "autoUv": false },
														"down": { "texture": "#skin", "uv": [ 44.0, 155.0, 56.0, 163.0 ], "rotation": 180, "autoUv": false }
													},
													"children": [
														{
															"name": "Lower Jaw",
															"from": [ -4.8, 0.1, 2.2 ],
															"to": [ 10.2, 7.1, 5.7 ],
															"autoUnwrap": false,
															"uv": [ 89.0, 112.3333 ],
															"rotationOrigin": [ 10.2, 7.0, 2.2 ],
															"rotationZ": 22.0,
															"faces": {
																"north": { "texture": "#skin", "uv": [ 33.0, 107.0, 48.0, 114.0 ], "rotation": 180, "autoUv": false },
																"east": { "texture": "#skin", "uv": [ 337.0, 333.0, 340.0, 340.0 ], "autoUv": false },
																"south": { "texture": "#skin", "uv": [ 33.0, 107.0, 48.0, 114.0 ], "autoUv": false },
																"west": { "texture": "#skin", "uv": [ 25.0, 26.0, 28.0, 33.0 ], "autoUv": false },
																"up": { "texture": "#skin", "uv": [ 2.0, 87.0, 17.0, 90.0 ], "autoUv": false },
																"down": { "texture": "#skin", "uv": [ 33.0, 109.0, 48.0, 112.0 ], "rotation": 180, "autoUv": false }
															},
															"children": [
																{
																	"name": "Lower Beak",
																	"from": [ 0.0, 0.0, 0.1 ],
																	"to": [ 5.8, 5.8, 3.3 ],
																	"autoUnwrap": false,
																	"uv": [ 163.6667, 113.6667 ],
																	"rotationOrigin": [ 0.0, 0.0, 0.1 ],
																	"rotationZ": 50.0,
																	"faces": {
																		"north": { "texture": "#skin", "uv": [ 27.0, 108.0, 33.0, 114.0 ], "rotation": 90, "autoUv": false },
																		"east": { "texture": "#skin", "uv": [ 25.0, 35.0, 28.0, 42.0 ], "autoUv": false },
																		"south": { "texture": "#skin", "uv": [ 27.0, 108.0, 33.0, 114.0 ], "rotation": 90, "autoUv": false },
																		"west": { "texture": "#skin", "uv": [ 25.0, 27.0, 28.0, 33.0 ], "autoUv": false },
																		"up": { "texture": "#skin", "uv": [ 23.0, 33.0, 29.0, 36.0 ], "autoUv": false },
																		"down": { "texture": "#skin", "uv": [ 328.0, 331.0, 334.0, 334.0 ], "autoUv": false }
																	}
																}
															]
														}
													]
												},
												{
													"name": "Head13",
													"from": [ -9.2, 0.0, 4.6 ],
													"to": [ 1.1, 2.2, 9.2 ],
													"autoUnwrap": false,
													"uv": [ 99.0, 74.0 ],
													"rotationOrigin": [ -9.2, 0.0, 4.6 ],
													"rotationZ": -11.0,
													"faces": {
														"north": { "texture": "#skin", "uv": [ 42.0, 114.0, 52.8, 115.8 ], "autoUv": false },
														"east": { "texture": "#skin", "uv": [ 329.4, 327.0, 334.2, 328.8 ], "autoUv": false },
														"south": { "texture": "#skin", "uv": [ 42.0, 114.0, 52.8, 115.8 ], "autoUv": false },
														"west": { "texture": "#skin", "uv": [ 328.2, 334.8, 333.0, 336.6 ], "autoUv": false },
														"up": { "texture": "#skin", "uv": [ 331.2, 330.0, 342.0, 334.8 ], "autoUv": false },
														"down": { "texture": "#skin", "uv": [ 44.0, 156.0, 54.0, 160.0 ], "rotation": 180, "autoUv": false }
													},
													"children": [
														{
															"name": "Head17",
															"from": [ 10.3, -0.2, -1.2 ],
															"to": [ 25.5, 2.9, 5.8 ],
															"autoUnwrap": false,
															"uv": [ 157.0, 116.0 ],
															"rotationOrigin": [ 10.3, -0.2, -1.2 ],
															"rotationZ": 11.0,
															"faces": {
																"north": { "texture": "#skin", "uv": [ 52.8, 114.6, 63.0, 117.6 ], "autoUv": false },
																"east": { "texture": "#skin", "uv": [ 42.0, 33.0, 49.0, 36.0 ] },
																"south": { "texture": "#skin", "uv": [ 52.8, 114.6, 63.0, 117.6 ], "autoUv": false },
																"west": { "texture": "#skin", "uv": [ 41.4, 33.0, 48.6, 36.0 ], "autoUv": false },
																"up": { "texture": "#skin", "uv": [ 325.2, 330.6, 335.4, 337.8 ], "autoUv": false },
																"down": { "texture": "#skin", "uv": [ 53.4, 154.8, 63.6, 162.0 ], "autoUv": false }
															}
														}
													]
												}
											]
										},
										{
											"name": "Head16",
											"from": [ 0.0, 13.8, 3.5 ],
											"to": [ 15.1, 18.4, 12.7 ],
											"autoUnwrap": false,
											"uv": [ 93.6667, 83.3333 ],
											"rotationOrigin": [ 0.0, 13.8, 3.5 ],
											"faces": {
												"north": { "texture": "#skin", "uv": [ 53.0, 89.0, 68.0, 93.0 ], "autoUv": false },
												"east": { "texture": "#skin", "uv": [ 68.0, 6.0, 77.0, 10.0 ] },
												"south": { "texture": "#skin", "uv": [ 53.0, 89.0, 68.0, 93.0 ], "autoUv": false },
												"west": { "texture": "#skin", "uv": [ 326.0, 337.0, 335.0, 341.0 ], "autoUv": false },
												"up": { "texture": "#skin", "uv": [ 54.0, 59.0, 69.0, 68.0 ], "autoUv": false },
												"down": { "texture": "#skin", "uv": [ 325.0, 331.0, 340.0, 340.0 ], "autoUv": false }
											}
										},
										{
											"name": "Crown",
											"from": [ 0.0, 13.3, 2.3 ],
											"to": [ 2.5, 20.3, 13.8 ],
											"autoUnwrap": false,
											"uv": [ 293.4, 177.0 ],
											"rotationOrigin": [ 0.0, 14.5, 2.3 ],
											"rotationZ": 6.0,
											"faces": {
												"north": { "texture": "#skin", "uv": [ 326.4, 49.8, 328.8, 57.0 ], "autoUv": false },
												"east": { "texture": "#skin", "uv": [ 328.2, 54.0, 340.2, 61.2 ], "autoUv": false },
												"south": { "texture": "#skin", "uv": [ 327.6, 43.8, 330.0, 51.0 ], "autoUv": false },
												"west": { "texture": "#skin", "uv": [ 327.0, 51.0, 339.0, 58.2 ], "autoUv": false },
												"up": { "texture": "#skin", "uv": [ 272.0, 118.0, 282.0, 120.0 ], "rotation": 90, "autoUv": false },
												"down": { "texture": "#skin", "uv": [ 328.2, 47.4, 330.6, 59.4 ], "autoUv": false }
											},
											"children": [
												{
													"name": "Crown2",
													"from": [ 1.2, 2.2, 0.0 ],
													"to": [ 7.0, 6.8, 11.5 ],
													"autoUnwrap": false,
													"uv": [ 255.8, 169.8 ],
													"rotationOrigin": [ 1.2, 5.5, 0.0 ],
													"rotationZ": 6.0,
													"faces": {
														"north": { "texture": "#skin", "uv": [ 332.4, 51.0, 338.4, 55.8 ], "autoUv": false },
														"east": { "texture": "#skin", "uv": [ 324.6, 55.8, 336.6, 60.6 ], "autoUv": false },
														"south": { "texture": "#skin", "uv": [ 331.2, 55.8, 337.2, 60.6 ], "autoUv": false },
														"west": { "texture": "#skin", "uv": [ 324.0, 49.8, 336.0, 54.6 ], "autoUv": false },
														"up": { "texture": "#skin", "uv": [ 271.0, 112.0, 283.0, 118.0 ], "rotation": 90, "autoUv": false },
														"down": { "texture": "#skin", "uv": [ 327.6, 51.0, 333.6, 63.0 ], "autoUv": false }
													},
													"children": [
														{
															"name": "Crown3",
															"from": [ 0.5, 2.3, 0.0 ],
															"to": [ 8.5, 5.8, 11.5 ],
															"autoUnwrap": false,
															"uv": [ 292.0, 154.2 ],
															"rotationOrigin": [ 0.5, 5.7, 0.0 ],
															"rotationZ": -8.0,
															"faces": {
																"north": { "texture": "#skin", "uv": [ 334.8, 48.0, 343.2, 51.6 ], "autoUv": false },
																"east": { "texture": "#skin", "uv": [ 331.2, 44.4, 343.2, 48.0 ], "autoUv": false },
																"south": { "texture": "#skin", "uv": [ 329.4, 57.6, 337.8, 61.2 ], "autoUv": false },
																"west": { "texture": "#skin", "uv": [ 331.2, 46.2, 343.2, 49.8 ], "autoUv": false },
																"up": { "texture": "#skin", "uv": [ 271.0, 106.0, 283.0, 114.0 ], "rotation": 90, "autoUv": false },
																"down": { "texture": "#skin", "uv": [ 333.6, 46.8, 342.0, 58.8 ], "autoUv": false }
															},
															"children": [
																{
																	"name": "Crown4",
																	"from": [ 5.8, -0.7, 0.0 ],
																	"to": [ 19.0, 2.8, 11.5 ],
																	"autoUnwrap": false,
																	"uv": [ 238.8, 248.4 ],
																	"rotationOrigin": [ 5.8, 2.8, 0.0 ],
																	"rotationZ": 28.0,
																	"faces": {
																		"north": { "texture": "#skin", "uv": [ 328.0, 58.0, 347.0, 61.0 ], "autoUv": false },
																		"east": { "texture": "#skin", "uv": [ 270.6, 84.0, 282.6, 87.6 ], "autoUv": false },
																		"south": { "texture": "#skin", "uv": [ 322.2, 59.4, 340.8, 63.0 ], "autoUv": false },
																		"west": { "texture": "#skin", "uv": [ 328.8, 51.6, 340.8, 55.2 ], "autoUv": false },
																		"up": { "texture": "#skin", "uv": [ 271.0, 88.0, 283.0, 107.0 ], "rotation": 90, "autoUv": false },
																		"down": { "texture": "#skin", "uv": [ 331.0, 45.0, 343.0, 64.0 ], "rotation": 90, "autoUv": false }
																	},
																	"children": [
																		{
																			"name": "Crown9",
																			"from": [ 0.0, 0.0, 11.5 ],
																			"to": [ 13.1, 3.5, 16.1 ],
																			"autoUnwrap": false,
																			"uv": [ 262.2, 148.2 ],
																			"rotationOrigin": [ 0.0, 3.5, 11.5 ],
																			"rotationX": 47.0,
																			"faces": {
																				"north": { "texture": "#skin", "uv": [ 323.4, 55.2, 342.0, 58.8 ], "autoUv": false },
																				"east": { "texture": "#skin", "uv": [ 282.6, 84.0, 287.4, 87.6 ], "autoUv": false },
																				"south": { "texture": "#skin", "uv": [ 323.4, 49.8, 342.0, 53.4 ], "autoUv": false },
																				"west": { "texture": "#skin", "uv": [ 332.4, 51.6, 337.2, 55.2 ], "autoUv": false },
																				"up": { "texture": "#skin", "uv": [ 283.0, 88.0, 287.0, 106.0 ], "rotation": 90, "autoUv": false },
																				"down": { "texture": "#skin", "uv": [ 324.0, 58.8, 342.6, 63.6 ], "autoUv": false }
																			},
																			"children": [
																				{
																					"name": "Crown10",
																					"from": [ 0.0, 1.0, 2.5 ],
																					"to": [ 6.8, 3.5, 9.8 ],
																					"autoUnwrap": false,
																					"uv": [ 240.6, 149.4 ],
																					"rotationOrigin": [ 0.0, 4.4, 2.5 ],
																					"rotationX": -22.0,
																					"faces": {
																						"north": { "texture": "#skin", "uv": [ 325.0, 58.0, 338.0, 60.0 ], "autoUv": false },
																						"east": { "texture": "#skin", "uv": [ 326.0, 51.0, 337.0, 53.0 ], "autoUv": false },
																						"south": { "texture": "#skin", "uv": [ 299.0, 90.0, 301.0, 103.0 ], "rotation": 90, "autoUv": false },
																						"west": { "texture": "#skin", "uv": [ 321.0, 55.0, 332.0, 57.0 ], "autoUv": false },
																						"up": { "texture": "#skin", "uv": [ 285.0, 95.0, 292.0, 101.5 ], "rotation": 90 },
																						"down": { "texture": "#skin", "uv": [ 325.0, 52.0, 338.0, 63.0 ], "autoUv": false }
																					},
																					"children": [
																						{
																							"name": "Cube2",
																							"from": [ 0.0, -0.8, -0.4 ],
																							"to": [ 0.0, -0.8, -0.4 ],
																							"uv": [ 0.0, 0.0 ],
																							"rotationOrigin": [ 0.0, -0.8, -0.4 ],
																							"faces": {
																								"north": { "texture": "#skin", "uv": [ 0.0, 0.6, 0.6, 1.2 ], "autoUv": false },
																								"east": { "texture": "#skin", "uv": [ 0.6, 0.6, 1.2, 1.2 ], "autoUv": false },
																								"south": { "texture": "#skin", "uv": [ 1.2, 0.6, 1.8, 1.2 ], "autoUv": false },
																								"west": { "texture": "#skin", "uv": [ 1.2, 0.6, 1.8, 1.2 ], "autoUv": false },
																								"up": { "texture": "#skin", "uv": [ 0.0, 0.0, 0.6, 0.6 ], "autoUv": false },
																								"down": { "texture": "#skin", "uv": [ 0.6, 0.0, 1.2, 0.6 ], "autoUv": false }
																							},
																							"children": [
																								{
																									"name": "Crown15",
																									"from": [ 7.8, 0.9, -0.2 ],
																									"to": [ 13.0, 3.2, 9.0 ],
																									"autoUnwrap": false,
																									"uv": [ 286.6, 136.8 ],
																									"rotationOrigin": [ 11.3, 3.1, -0.2 ],
																									"rotationY": -19.0,
																									"faces": {
																										"north": { "texture": "#skin", "uv": [ 324.0, 56.4, 329.4, 58.8 ], "autoUv": false },
																										"east": { "texture": "#skin", "uv": [ 286.2, 85.2, 298.8, 87.6 ], "autoUv": false },
																										"south": { "texture": "#skin", "uv": [ 299.0, 88.0, 301.0, 93.0 ], "rotation": 90, "autoUv": false },
																										"west": { "texture": "#skin", "uv": [ 325.8, 48.0, 338.4, 50.4 ], "autoUv": false },
																										"up": { "texture": "#skin", "uv": [ 287.0, 88.0, 296.0, 93.0 ], "rotation": 90 },
																										"down": { "texture": "#skin", "uv": [ 331.0, 51.0, 336.0, 63.0 ], "autoUv": false }
																									}
																								},
																								{
																									"name": "Crown12",
																									"from": [ -3.5, 1.3, 0.5 ],
																									"to": [ 4.5, 3.5, 7.3 ],
																									"autoUnwrap": false,
																									"uv": [ 267.0, 160.4 ],
																									"rotationOrigin": [ 2.3, 3.6, 0.5 ],
																									"rotationX": 1.0,
																									"rotationY": -25.0,
																									"rotationZ": -3.0,
																									"faces": {
																										"north": { "texture": "#skin", "uv": [ 335.4, 47.4, 343.8, 49.2 ], "autoUv": false },
																										"east": { "texture": "#skin", "uv": [ 328.8, 60.0, 339.6, 61.8 ], "autoUv": false },
																										"south": { "texture": "#skin", "uv": [ 298.0, 103.0, 300.0, 111.0 ], "rotation": 90, "autoUv": false },
																										"west": { "texture": "#skin", "uv": [ 330.6, 52.8, 341.4, 54.6 ], "autoUv": false },
																										"up": { "texture": "#skin", "uv": [ 290.0, 100.0, 296.5, 108.0 ], "rotation": 90 },
																										"down": { "texture": "#skin", "uv": [ 330.0, 45.0, 338.4, 55.8 ], "autoUv": false }
																									}
																								}
																							]
																						}
																					]
																				},
																				{
																					"name": "Crown13",
																					"from": [ -3.5, 0.1, -0.1 ],
																					"to": [ 0.0, 3.6, 4.5 ],
																					"uv": [ 324.0, 46.2 ],
																					"rotationOrigin": [ -3.5, 3.6, -0.1 ],
																					"rotationX": 3.0,
																					"faces": {
																						"north": { "texture": "#skin", "uv": [ 324.0, 51.0, 327.6, 54.6 ], "autoUv": false },
																						"east": { "texture": "#skin", "uv": [ 328.2, 51.0, 333.0, 54.6 ], "autoUv": false },
																						"south": { "texture": "#skin", "uv": [ 333.0, 51.0, 336.6, 54.6 ], "autoUv": false },
																						"west": { "texture": "#skin", "uv": [ 337.2, 51.0, 342.0, 54.6 ], "autoUv": false },
																						"up": { "texture": "#skin", "uv": [ 324.0, 46.2, 327.6, 51.0 ], "autoUv": false },
																						"down": { "texture": "#skin", "uv": [ 328.2, 46.2, 331.8, 51.0 ], "autoUv": false }
																					}
																				}
																			]
																		},
																		{
																			"name": "Crown31",
																			"from": [ 0.0, 0.0, -4.6 ],
																			"to": [ 13.1, 3.5, 0.0 ],
																			"autoUnwrap": false,
																			"uv": [ 272.4, 160.8 ],
																			"rotationOrigin": [ 0.0, 3.5, 0.0 ],
																			"rotationX": -47.0,
																			"faces": {
																				"north": { "texture": "#skin", "uv": [ 319.8, 52.8, 338.4, 56.4 ], "autoUv": false },
																				"east": { "texture": "#skin", "uv": [ 265.8, 84.0, 270.6, 87.6 ], "autoUv": false },
																				"south": { "texture": "#skin", "uv": [ 324.0, 57.0, 342.6, 60.6 ], "autoUv": false },
																				"west": { "texture": "#skin", "uv": [ 330.6, 49.2, 335.4, 52.8 ], "autoUv": false },
																				"up": { "texture": "#skin", "uv": [ 266.0, 88.0, 270.0, 106.0 ], "rotation": 90, "autoUv": false },
																				"down": { "texture": "#skin", "uv": [ 321.6, 50.4, 340.2, 55.2 ], "autoUv": false }
																			},
																			"children": [
																				{
																					"name": "Crown32",
																					"from": [ 1.0, 0.0, -4.2 ],
																					"to": [ 8.8, 2.5, 4.1 ],
																					"autoUnwrap": false,
																					"uv": [ 256.0, 157.8 ],
																					"rotationOrigin": [ 1.0, 3.4, 5.0 ],
																					"rotationX": 22.0,
																					"faces": {
																						"north": { "texture": "#skin", "uv": [ 251.0, 90.0, 253.0, 103.0 ], "rotation": 90, "autoUv": false },
																						"east": { "texture": "#skin", "uv": [ 332.0, 50.0, 343.0, 52.0 ], "autoUv": false },
																						"south": { "texture": "#skin", "uv": [ 326.0, 49.0, 339.0, 51.0 ], "autoUv": false },
																						"west": { "texture": "#skin", "uv": [ 328.0, 56.0, 339.0, 58.0 ], "autoUv": false },
																						"up": { "texture": "#skin", "uv": [ 257.0, 92.0, 268.0, 105.0 ], "rotation": 90, "autoUv": false },
																						"down": { "texture": "#skin", "uv": [ 326.0, 47.0, 339.0, 58.0 ], "autoUv": false }
																					},
																					"children": [
																						{
																							"name": "Cube3",
																							"from": [ 0.0, -0.8, 0.4 ],
																							"to": [ 0.0, -0.8, 0.4 ],
																							"uv": [ 0.0, 0.0 ],
																							"rotationOrigin": [ 0.0, -0.8, 0.4 ],
																							"faces": {
																								"north": { "texture": "#skin", "uv": [ 0.0, 0.6, 0.6, 1.2 ], "autoUv": false },
																								"east": { "texture": "#skin", "uv": [ 0.6, 0.6, 1.2, 1.2 ], "autoUv": false },
																								"south": { "texture": "#skin", "uv": [ 1.2, 0.6, 1.8, 1.2 ], "autoUv": false },
																								"west": { "texture": "#skin", "uv": [ 1.2, 0.6, 1.8, 1.2 ], "autoUv": false },
																								"up": { "texture": "#skin", "uv": [ 0.0, 0.0, 0.6, 0.6 ], "autoUv": false },
																								"down": { "texture": "#skin", "uv": [ 0.6, 0.0, 1.2, 0.6 ], "autoUv": false }
																							},
																							"children": [
																								{
																									"name": "Crown34",
																									"from": [ 7.8, 0.9, -1.7 ],
																									"to": [ 13.0, 3.2, 7.5 ],
																									"autoUnwrap": false,
																									"uv": [ 274.8, 148.4 ],
																									"rotationOrigin": [ 11.3, 3.1, 10.5 ],
																									"rotationY": 19.0,
																									"faces": {
																										"north": { "texture": "#skin", "uv": [ 334.8, 47.4, 340.2, 49.8 ], "autoUv": false },
																										"east": { "texture": "#skin", "uv": [ 254.4, 85.2, 267.0, 87.6 ], "autoUv": false },
																										"south": { "texture": "#skin", "uv": [ 330.0, 50.4, 335.4, 52.8 ], "autoUv": false },
																										"west": { "texture": "#skin", "uv": [ 328.2, 51.6, 340.8, 54.0 ], "autoUv": false },
																										"up": { "texture": "#skin", "uv": [ 255.0, 88.0, 267.0, 93.0 ], "rotation": 90, "autoUv": false },
																										"down": { "texture": "#skin", "uv": [ 328.0, 47.0, 333.0, 59.0 ], "autoUv": false }
																									}
																								},
																								{
																									"name": "Crown33",
																									"from": [ -3.5, 1.3, 0.1 ],
																									"to": [ 5.5, 3.5, 7.9 ],
																									"autoUnwrap": false,
																									"uv": [ 270.0, 132.0 ],
																									"rotationOrigin": [ 2.3, 3.6, 10.8 ],
																									"rotationX": -1.0,
																									"rotationY": 25.0,
																									"rotationZ": -3.0,
																									"faces": {
																										"north": { "texture": "#skin", "uv": [ 253.0, 103.0, 255.0, 111.0 ], "rotation": 90, "autoUv": false },
																										"east": { "texture": "#skin", "uv": [ 327.0, 60.0, 338.0, 62.0 ], "autoUv": false },
																										"south": { "texture": "#skin", "uv": [ 330.0, 52.0, 338.0, 54.0 ], "autoUv": false },
																										"west": { "texture": "#skin", "uv": [ 325.0, 54.0, 336.0, 56.0 ], "autoUv": false },
																										"up": { "texture": "#skin", "uv": [ 256.0, 100.0, 267.0, 108.0 ], "rotation": 90, "autoUv": false },
																										"down": { "texture": "#skin", "uv": [ 330.0, 48.0, 338.0, 59.0 ], "autoUv": false }
																									}
																								}
																							]
																						}
																					]
																				},
																				{
																					"name": "Crown18",
																					"from": [ -3.5, 0.1, 0.1 ],
																					"to": [ 0.0, 3.6, 4.7 ],
																					"uv": [ 324.4, 48.6 ],
																					"rotationOrigin": [ -3.5, 3.6, 4.7 ],
																					"rotationX": -3.0,
																					"faces": {
																						"north": { "texture": "#skin", "uv": [ 324.6, 53.4, 328.2, 57.0 ], "autoUv": false },
																						"east": { "texture": "#skin", "uv": [ 328.2, 53.4, 333.0, 57.0 ], "autoUv": false },
																						"south": { "texture": "#skin", "uv": [ 333.0, 53.4, 336.6, 57.0 ], "autoUv": false },
																						"west": { "texture": "#skin", "uv": [ 337.2, 53.4, 342.0, 57.0 ], "autoUv": false },
																						"up": { "texture": "#skin", "uv": [ 324.6, 48.6, 328.2, 53.4 ], "autoUv": false },
																						"down": { "texture": "#skin", "uv": [ 328.2, 48.6, 331.8, 53.4 ], "autoUv": false }
																					}
																				}
																			]
																		}
																	]
																},
																{
																	"name": "Crown11",
																	"from": [ 0.0, 0.0, 11.5 ],
																	"to": [ 8.0, 3.5, 17.4 ],
																	"autoUnwrap": false,
																	"uv": [ 255.6, 160.0 ],
																	"rotationOrigin": [ 0.0, 3.5, 11.5 ],
																	"rotationX": 50.0,
																	"faces": {
																		"north": { "texture": "#skin", "uv": [ 332.4, 52.2, 340.8, 55.8 ], "autoUv": false },
																		"east": { "texture": "#skin", "uv": [ 332.4, 54.6, 338.4, 58.2 ], "autoUv": false },
																		"south": { "texture": "#skin", "uv": [ 330.6, 57.6, 339.0, 61.2 ], "autoUv": false },
																		"west": { "texture": "#skin", "uv": [ 330.6, 52.8, 336.6, 56.4 ], "autoUv": false },
																		"up": { "texture": "#skin", "uv": [ 283.0, 106.0, 289.0, 114.0 ], "rotation": 90, "autoUv": false },
																		"down": { "texture": "#skin", "uv": [ 328.2, 53.4, 336.6, 59.4 ], "autoUv": false }
																	}
																},
																{
																	"name": "Crown29",
																	"from": [ 0.0, 0.0, -5.9 ],
																	"to": [ 8.0, 3.5, 0.0 ],
																	"autoUnwrap": false,
																	"uv": [ 283.2, 125.4 ],
																	"rotationOrigin": [ 0.0, 3.5, 0.0 ],
																	"rotationX": -50.0,
																	"faces": {
																		"north": { "texture": "#skin", "uv": [ 330.6, 51.0, 339.0, 54.6 ], "autoUv": false },
																		"east": { "texture": "#skin", "uv": [ 326.4, 56.4, 332.4, 60.0 ], "autoUv": false },
																		"south": { "texture": "#skin", "uv": [ 324.0, 54.0, 332.4, 57.6 ], "autoUv": false },
																		"west": { "texture": "#skin", "uv": [ 329.4, 54.6, 335.4, 58.2 ], "autoUv": false },
																		"up": { "texture": "#skin", "uv": [ 261.0, 104.0, 267.0, 112.0 ], "rotation": 90, "autoUv": false },
																		"down": { "texture": "#skin", "uv": [ 329.4, 54.0, 337.8, 60.0 ], "autoUv": false }
																	}
																}
															]
														},
														{
															"name": "Crown7",
															"from": [ 0.0, 2.3, 11.5 ],
															"to": [ 6.7, 4.6, 17.4 ],
															"autoUnwrap": false,
															"uv": [ 279.6, 145.2 ],
															"rotationOrigin": [ 0.0, 4.6, 11.5 ],
															"rotationX": 47.0,
															"faces": {
																"north": { "texture": "#skin", "uv": [ 329.4, 54.0, 336.0, 56.4 ], "autoUv": false },
																"east": { "texture": "#skin", "uv": [ 327.6, 55.8, 333.6, 58.2 ], "autoUv": false },
																"south": { "texture": "#skin", "uv": [ 289.0, 115.0, 291.0, 122.0 ], "rotation": 90, "autoUv": false },
																"west": { "texture": "#skin", "uv": [ 326.4, 54.0, 332.4, 56.4 ], "autoUv": false },
																"up": { "texture": "#skin", "uv": [ 283.0, 115.0, 289.0, 122.0 ], "rotation": 90, "autoUv": false },
																"down": { "texture": "#skin", "uv": [ 331.2, 51.0, 337.8, 57.0 ], "autoUv": false }
															},
															"children": [
																{
																	"name": "Crown16",
																	"from": [ -2.3, -0.4, 0.0 ],
																	"to": [ 0.0, 1.9, 5.9 ],
																	"autoUnwrap": false,
																	"uv": [ 290.0, 147.6 ],
																	"rotationOrigin": [ -2.3, 1.9, 0.0 ],
																	"rotationZ": 8.0,
																	"faces": {
																		"north": { "texture": "#skin", "uv": [ 332.4, 52.2, 334.8, 54.6 ], "autoUv": false },
																		"east": { "texture": "#skin", "uv": [ 330.6, 49.8, 336.6, 52.2 ], "autoUv": false },
																		"south": { "texture": "#skin", "uv": [ 292.2, 121.2, 294.6, 123.6 ], "autoUv": false },
																		"west": { "texture": "#skin", "uv": [ 331.2, 57.0, 337.2, 59.4 ], "autoUv": false },
																		"up": { "texture": "#skin", "uv": [ 286.0, 121.0, 292.0, 123.0 ], "rotation": 90, "autoUv": false },
																		"down": { "texture": "#skin", "uv": [ 331.8, 49.8, 334.2, 55.8 ], "autoUv": false }
																	},
																	"children": [
																		{
																			"name": "Crown17",
																			"from": [ -8.6, -3.0, 2.0 ],
																			"to": [ -3.0, -0.7, 7.9 ],
																			"autoUnwrap": false,
																			"uv": [ 263.4, 166.2 ],
																			"rotationOrigin": [ -4.0, -0.7, 2.0 ],
																			"rotationY": 25.0,
																			"rotationZ": -3.0,
																			"faces": {
																				"north": { "texture": "#skin", "uv": [ 284.0, 124.0, 286.0, 128.0 ], "rotation": 90, "autoUv": false },
																				"east": { "texture": "#skin", "uv": [ 329.4, 57.6, 335.4, 60.0 ], "autoUv": false },
																				"south": { "texture": "#skin", "uv": [ 292.0, 124.0, 294.0, 128.0 ], "rotation": 90, "autoUv": false },
																				"west": { "texture": "#skin", "uv": [ 286.2, 128.4, 292.2, 130.8 ], "autoUv": false },
																				"up": { "texture": "#skin", "uv": [ 286.0, 124.0, 292.0, 128.0 ], "rotation": 90, "autoUv": false },
																				"down": { "texture": "#skin", "uv": [ 330.6, 51.6, 335.4, 57.6 ], "autoUv": false }
																			},
																			"children": [
																				{
																					"name": "Crown21",
																					"from": [ 0.6, -0.6, 5.8 ],
																					"to": [ 5.2, 1.7, 10.5 ],
																					"autoUnwrap": false,
																					"uv": [ 282.8, 147.6 ],
																					"rotationOrigin": [ 5.2, 1.7, 5.8 ],
																					"rotationY": -33.0,
																					"faces": {
																						"north": { "texture": "#skin", "uv": [ 324.0, 58.2, 328.8, 60.6 ], "autoUv": false },
																						"east": { "texture": "#skin", "uv": [ 292.2, 121.2, 297.0, 123.6 ], "autoUv": false },
																						"south": { "texture": "#skin", "uv": [ 297.0, 124.0, 299.0, 128.0 ], "rotation": 90, "autoUv": false },
																						"west": { "texture": "#skin", "uv": [ 292.2, 128.4, 297.0, 130.8 ], "autoUv": false },
																						"up": { "texture": "#skin", "uv": [ 292.0, 124.0, 296.0, 128.0 ], "rotation": 90, "autoUv": false },
																						"down": { "texture": "#skin", "uv": [ 330.0, 52.2, 334.8, 57.0 ], "autoUv": false }
																					},
																					"children": [
																						{
																							"name": "Crown22",
																							"from": [ -0.7, -0.1, 2.5 ],
																							"to": [ 2.4, 2.2, 5.6 ],
																							"uv": [ 297.4, 123.6 ],
																							"rotationOrigin": [ 2.3, 2.2, 2.5 ],
																							"rotationY": 45.0,
																							"faces": {
																								"north": { "texture": "#skin", "uv": [ 297.6, 127.2, 300.6, 129.6 ], "autoUv": false },
																								"east": { "texture": "#skin", "uv": [ 300.6, 127.2, 303.6, 129.6 ], "autoUv": false },
																								"south": { "texture": "#skin", "uv": [ 303.6, 127.2, 306.6, 129.6 ], "autoUv": false },
																								"west": { "texture": "#skin", "uv": [ 306.6, 127.2, 309.6, 129.6 ], "autoUv": false },
																								"up": { "texture": "#skin", "uv": [ 298.0, 124.0, 301.0, 127.0 ], "rotation": 90, "autoUv": false },
																								"down": { "texture": "#skin", "uv": [ 300.6, 123.6, 303.6, 126.6 ], "autoUv": false }
																							}
																						}
																					]
																				}
																			]
																		}
																	]
																},
																{
																	"name": "Crown8",
																	"from": [ -1.8, 1.0, 5.5 ],
																	"to": [ 1.5, 2.2, 14.3 ],
																	"autoUnwrap": false,
																	"uv": [ 254.4, 130.0 ],
																	"rotationOrigin": [ -1.8, 3.2, 5.5 ],
																	"rotationX": -8.0,
																	"rotationY": 61.0,
																	"rotationZ": 5.6,
																	"faces": {
																		"north": { "texture": "#skin", "uv": [ 335.4, 52.8, 337.8, 54.0 ], "autoUv": false },
																		"east": { "texture": "#skin", "uv": [ 325.2, 47.4, 334.2, 48.6 ], "autoUv": false },
																		"south": { "texture": "#skin", "uv": [ 331.8, 54.0, 334.2, 55.2 ], "autoUv": false },
																		"west": { "texture": "#skin", "uv": [ 286.2, 120.0, 295.2, 121.2 ], "autoUv": false },
																		"up": { "texture": "#skin", "uv": [ 286.0, 118.0, 295.0, 120.0 ], "rotation": 90, "autoUv": false },
																		"down": { "texture": "#skin", "uv": [ 332.4, 48.6, 334.8, 57.6 ], "autoUv": false }
																	}
																}
															]
														},
														{
															"name": "Crown23",
															"from": [ 0.0, 2.3, -5.8 ],
															"to": [ 6.7, 4.6, 0.1 ],
															"autoUnwrap": false,
															"uv": [ 285.8, 132.0 ],
															"rotationOrigin": [ 0.0, 4.6, 0.1 ],
															"rotationX": -47.0,
															"faces": {
																"north": { "texture": "#skin", "uv": [ 262.0, 115.0, 264.0, 122.0 ], "rotation": 90, "autoUv": false },
																"east": { "texture": "#skin", "uv": [ 329.4, 54.0, 335.4, 56.4 ], "autoUv": false },
																"south": { "texture": "#skin", "uv": [ 327.0, 55.8, 333.6, 58.2 ], "autoUv": false },
																"west": { "texture": "#skin", "uv": [ 325.8, 60.0, 331.8, 62.4 ], "autoUv": false },
																"up": { "texture": "#skin", "uv": [ 265.0, 115.0, 271.0, 122.0 ], "rotation": 90, "autoUv": false },
																"down": { "texture": "#skin", "uv": [ 330.6, 51.0, 337.2, 57.0 ], "autoUv": false }
															},
															"children": [
																{
																	"name": "Crown25",
																	"from": [ -2.3, -0.4, 0.0 ],
																	"to": [ 0.0, 1.9, 5.9 ],
																	"autoUnwrap": false,
																	"uv": [ 267.0, 147.6 ],
																	"rotationOrigin": [ -2.3, 1.9, 5.9 ],
																	"rotationZ": 8.0,
																	"faces": {
																		"north": { "texture": "#skin", "uv": [ 332.4, 55.2, 334.8, 57.6 ], "autoUv": false },
																		"east": { "texture": "#skin", "uv": [ 323.4, 52.2, 329.4, 54.6 ], "autoUv": false },
																		"south": { "texture": "#skin", "uv": [ 331.8, 46.8, 334.2, 49.2 ], "autoUv": false },
																		"west": { "texture": "#skin", "uv": [ 332.4, 51.0, 338.4, 53.4 ], "autoUv": false },
																		"up": { "texture": "#skin", "uv": [ 261.0, 121.0, 267.0, 123.0 ], "rotation": 90, "autoUv": false },
																		"down": { "texture": "#skin", "uv": [ 331.2, 58.8, 333.6, 64.8 ], "autoUv": false }
																	},
																	"children": [
																		{
																			"name": "Crown26",
																			"from": [ -8.6, -3.0, -1.0 ],
																			"to": [ -3.0, -0.7, 4.9 ],
																			"autoUnwrap": false,
																			"uv": [ 243.6, 135.6 ],
																			"rotationOrigin": [ -4.0, -0.7, 4.9 ],
																			"rotationY": -25.0,
																			"rotationZ": -3.0,
																			"faces": {
																				"north": { "texture": "#skin", "uv": [ 259.0, 124.0, 261.0, 128.0 ], "rotation": 90, "autoUv": false },
																				"east": { "texture": "#skin", "uv": [ 330.6, 48.0, 336.6, 50.4 ], "autoUv": false },
																				"south": { "texture": "#skin", "uv": [ 267.0, 124.0, 269.0, 128.0 ], "rotation": 90, "autoUv": false },
																				"west": { "texture": "#skin", "uv": [ 261.0, 128.4, 267.0, 130.8 ], "autoUv": false },
																				"up": { "texture": "#skin", "uv": [ 261.0, 124.0, 267.0, 128.0 ], "rotation": 90, "autoUv": false },
																				"down": { "texture": "#skin", "uv": [ 325.8, 53.4, 330.6, 59.4 ], "autoUv": false }
																			},
																			"children": [
																				{
																					"name": "Crown27",
																					"from": [ 0.6, -0.6, -4.6 ],
																					"to": [ 5.2, 1.7, 0.1 ],
																					"autoUnwrap": false,
																					"uv": [ 277.8, 153.6 ],
																					"rotationOrigin": [ 5.2, 1.7, 0.0 ],
																					"rotationY": 33.0,
																					"faces": {
																						"north": { "texture": "#skin", "uv": [ 254.0, 123.0, 256.0, 127.0 ], "rotation": 90, "autoUv": false },
																						"east": { "texture": "#skin", "uv": [ 256.2, 121.2, 261.0, 123.6 ], "autoUv": false },
																						"south": { "texture": "#skin", "uv": [ 333.0, 53.4, 337.8, 55.8 ], "autoUv": false },
																						"west": { "texture": "#skin", "uv": [ 256.2, 128.4, 261.0, 130.8 ], "autoUv": false },
																						"up": { "texture": "#skin", "uv": [ 256.0, 124.0, 260.0, 128.0 ], "rotation": 90, "autoUv": false },
																						"down": { "texture": "#skin", "uv": [ 332.4, 46.8, 337.2, 51.6 ], "autoUv": false }
																					},
																					"children": [
																						{
																							"name": "Crown28",
																							"from": [ -0.7, -0.1, -2.2 ],
																							"to": [ 2.4, 2.2, 0.9 ],
																							"uv": [ 241.6, 122.0 ],
																							"rotationOrigin": [ 2.3, 2.2, -2.2 ],
																							"rotationY": 45.0,
																							"faces": {
																								"north": { "texture": "#skin", "uv": [ 241.8, 125.4, 244.8, 127.8 ], "autoUv": false },
																								"east": { "texture": "#skin", "uv": [ 244.8, 125.4, 247.8, 127.8 ], "autoUv": false },
																								"south": { "texture": "#skin", "uv": [ 247.8, 125.4, 250.8, 127.8 ], "autoUv": false },
																								"west": { "texture": "#skin", "uv": [ 250.8, 125.4, 253.8, 127.8 ], "autoUv": false, "windMode": [-1,-1,-1,-1], "windData": [2,3,3,2] },
																								"up": { "texture": "#skin", "uv": [ 241.8, 121.8, 244.8, 124.8 ], "autoUv": false },
																								"down": { "texture": "#skin", "uv": [ 244.8, 121.8, 247.8, 124.8 ], "autoUv": false }
																							}
																						}
																					]
																				}
																			]
																		}
																	]
																},
																{
																	"name": "Crown24",
																	"from": [ -2.8, 1.0, -8.6 ],
																	"to": [ 0.4, 2.2, 0.2 ],
																	"autoUnwrap": false,
																	"uv": [ 268.0, 129.6 ],
																	"rotationOrigin": [ -2.8, 3.2, 0.6 ],
																	"rotationX": 8.0,
																	"rotationY": -52.6,
																	"rotationZ": 5.6,
																	"faces": {
																		"north": { "texture": "#skin", "uv": [ 335.4, 54.6, 338.4, 55.8 ], "autoUv": false },
																		"east": { "texture": "#skin", "uv": [ 327.6, 55.8, 336.6, 57.0 ], "autoUv": false },
																		"south": { "texture": "#skin", "uv": [ 333.0, 45.0, 336.0, 46.2 ], "autoUv": false },
																		"west": { "texture": "#skin", "uv": [ 258.0, 120.0, 267.0, 121.2 ], "autoUv": false },
																		"up": { "texture": "#skin", "uv": [ 258.0, 117.0, 267.0, 120.0 ], "rotation": 90, "autoUv": false },
																		"down": { "texture": "#skin", "uv": [ 330.0, 55.0, 339.0, 58.0 ], "rotation": 90, "autoUv": false }
																	}
																}
															]
														}
													]
												},
												{
													"name": "Crown5",
													"from": [ -3.5, 1.2, 0.0 ],
													"to": [ 0.0, 7.0, 11.5 ],
													"autoUnwrap": false,
													"uv": [ 268.8, 142.8 ],
													"rotationOrigin": [ -3.5, 2.3, 0.0 ],
													"faces": {
														"north": { "texture": "#skin", "uv": [ 267.0, 121.8, 270.6, 127.8 ], "autoUv": false },
														"south": { "texture": "#skin", "uv": [ 282.0, 121.8, 285.6, 127.8 ], "autoUv": false },
														"west": { "texture": "#skin", "uv": [ 270.6, 122.4, 282.6, 128.4 ], "autoUv": false },
														"up": { "texture": "#skin", "uv": [ 271.0, 121.0, 283.0, 124.0 ], "rotation": 90, "autoUv": false }
													}
												},
												{
													"name": "Crown35",
													"from": [ -6.4, 5.8, 0.6 ],
													"to": [ -2.1, 8.0, 10.9 ],
													"autoUnwrap": false,
													"uv": [ 104.3333, 66.6667 ],
													"rotationOrigin": [ -6.4, 8.0, 0.6 ],
													"rotationZ": -19.0,
													"faces": {
														"north": { "texture": "#skin", "uv": [ 46.8, 84.0, 51.0, 85.8 ], "autoUv": false },
														"east": { "texture": "#skin", "uv": [ 333.6, 338.4, 344.4, 340.2 ], "autoUv": false },
														"south": { "texture": "#skin", "uv": [ 46.8, 84.0, 51.0, 85.8 ], "autoUv": false },
														"west": { "texture": "#skin", "uv": [ 271.2, 123.6, 282.0, 125.4 ], "autoUv": false },
														"up": { "texture": "#skin", "uv": [ 271.0, 124.0, 281.0, 128.0 ], "rotation": 90, "autoUv": false },
														"down": { "texture": "#skin", "uv": [ 49.8, 58.8, 54.0, 69.6 ], "autoUv": false }
													}
												},
												{
													"name": "Crown38",
													"from": [ -11.6, 1.1, 1.1 ],
													"to": [ -10.0, 9.9, 10.5 ],
													"autoUnwrap": false,
													"uv": [ 108.0, 91.6667 ],
													"rotationOrigin": [ -11.6, 1.2, 1.1 ],
													"rotationZ": -38.0,
													"faces": {
														"north": { "texture": "#skin", "uv": [ 45.0, 86.0, 46.0, 95.0 ], "autoUv": false },
														"east": { "texture": "#skin", "uv": [ 22.0, 5.0, 31.0, 14.0 ], "autoUv": false },
														"south": { "texture": "#skin", "uv": [ 45.0, 86.0, 46.0, 95.0 ], "autoUv": false },
														"west": { "texture": "#skin", "uv": [ 22.0, 5.0, 31.0, 14.0 ], "autoUv": false },
														"up": { "texture": "#skin", "uv": [ 49.0, 59.0, 50.0, 68.0 ], "autoUv": false },
														"down": { "texture": "#skin", "uv": [ 349.0, 50.0, 350.0, 59.0 ], "autoUv": false }
													}
												}
											]
										},
										{
											"name": "Brain",
											"from": [ 0.0, 10.8, 3.6 ],
											"to": [ 7.2, 15.6, 12.0 ],
											"uv": [ 0.0, 0.0 ],
											"rotationOrigin": [ 0.0, 10.8, 3.6 ],
											"faces": {
											}
										}
									],
									"attachmentpoints": [
										{
											"code": "HeadAP",
											"posX": "0.0","posY": "0.0","posZ": "0.0",
											"rotationX": "0.0","rotationY": "0.0","rotationZ": "0.0"
										}
									]
								}
							]
						},
						{
							"name": "Spikes9",
							"from": [ -0.8, 12.0, -4.8 ],
							"to": [ -0.8, 12.0, -4.8 ],
							"uv": [ 0.0, 0.0 ],
							"rotationOrigin": [ -0.8, 12.0, -4.8 ],
							"faces": {
								"north": { "texture": "#skin", "uv": [ 0.0, 1.0, 1.0, 2.0 ] },
								"east": { "texture": "#skin", "uv": [ 1.0, 1.0, 2.0, 2.0 ] },
								"south": { "texture": "#skin", "uv": [ 2.0, 1.0, 3.0, 2.0 ] },
								"west": { "texture": "#skin", "uv": [ 3.0, 1.0, 4.0, 2.0 ] },
								"up": { "texture": "#skin", "uv": [ 0.0, 0.0, 1.0, 1.0 ] },
								"down": { "texture": "#skin", "uv": [ 1.0, 0.0, 2.0, 1.0 ] }
							},
							"children": [
								{
									"name": "Spike43",
									"from": [ 0.0, 4.0, 12.0 ],
									"to": [ 2.0, 8.0, 14.0 ],
									"uv": [ 100.0, 0.0 ],
									"rotationOrigin": [ 0.0, 4.0, 12.0 ],
									"rotationZ": -17.0,
									"faces": {
										"north": { "texture": "#skin", "uv": [ 100.0, 2.0, 102.0, 6.0 ] },
										"east": { "texture": "#skin", "uv": [ 102.0, 2.0, 104.0, 6.0 ] },
										"south": { "texture": "#skin", "uv": [ 104.0, 2.0, 106.0, 6.0 ] },
										"west": { "texture": "#skin", "uv": [ 106.0, 2.0, 108.0, 6.0 ] },
										"up": { "texture": "#skin", "uv": [ 100.0, 0.0, 102.0, 2.0 ] },
										"down": { "texture": "#skin", "uv": [ 102.0, 0.0, 104.0, 2.0 ] }
									},
									"children": [
										{
											"name": "Spike44",
											"from": [ 0.5, 3.0, 0.5 ],
											"to": [ 1.5, 7.0, 1.5 ],
											"uv": [ 100.0, 0.0 ],
											"rotationOrigin": [ 0.5, 3.0, 0.5 ],
											"rotationZ": -14.0,
											"faces": {
												"north": { "texture": "#skin", "uv": [ 100.0, 1.0, 101.0, 5.0 ] },
												"east": { "texture": "#skin", "uv": [ 101.0, 1.0, 102.0, 5.0 ] },
												"south": { "texture": "#skin", "uv": [ 102.0, 1.0, 103.0, 5.0 ] },
												"west": { "texture": "#skin", "uv": [ 103.0, 1.0, 104.0, 5.0 ] },
												"up": { "texture": "#skin", "uv": [ 100.0, 0.0, 101.0, 1.0 ] },
												"down": { "texture": "#skin", "uv": [ 101.0, 0.0, 102.0, 1.0 ] }
											}
										}
									]
								},
								{
									"name": "Spike45",
									"from": [ 5.0, 4.0, 12.0 ],
									"to": [ 7.0, 8.0, 14.0 ],
									"uv": [ 100.0, 0.0 ],
									"rotationOrigin": [ 5.0, 4.0, 12.0 ],
									"rotationZ": -17.0,
									"faces": {
										"north": { "texture": "#skin", "uv": [ 100.0, 2.0, 102.0, 6.0 ] },
										"east": { "texture": "#skin", "uv": [ 102.0, 2.0, 104.0, 6.0 ] },
										"south": { "texture": "#skin", "uv": [ 104.0, 2.0, 106.0, 6.0 ] },
										"west": { "texture": "#skin", "uv": [ 106.0, 2.0, 108.0, 6.0 ] },
										"up": { "texture": "#skin", "uv": [ 100.0, 0.0, 102.0, 2.0 ] },
										"down": { "texture": "#skin", "uv": [ 102.0, 0.0, 104.0, 2.0 ] }
									},
									"children": [
										{
											"name": "Spike46",
											"from": [ 0.5, 3.0, 0.5 ],
											"to": [ 1.5, 7.0, 1.5 ],
											"uv": [ 100.0, 0.0 ],
											"rotationOrigin": [ 0.5, 3.0, 0.5 ],
											"rotationZ": -14.0,
											"faces": {
												"north": { "texture": "#skin", "uv": [ 100.0, 1.0, 101.0, 5.0 ] },
												"east": { "texture": "#skin", "uv": [ 101.0, 1.0, 102.0, 5.0 ] },
												"south": { "texture": "#skin", "uv": [ 102.0, 1.0, 103.0, 5.0 ] },
												"west": { "texture": "#skin", "uv": [ 103.0, 1.0, 104.0, 5.0 ] },
												"up": { "texture": "#skin", "uv": [ 100.0, 0.0, 101.0, 1.0 ] },
												"down": { "texture": "#skin", "uv": [ 101.0, 0.0, 102.0, 1.0 ] }
											}
										}
									]
								},
								{
									"name": "Spike47",
									"from": [ 9.0, 4.0, 12.0 ],
									"to": [ 11.0, 8.0, 14.0 ],
									"uv": [ 100.0, 0.0 ],
									"rotationOrigin": [ 9.0, 4.0, 12.0 ],
									"rotationZ": -17.0,
									"faces": {
										"north": { "texture": "#skin", "uv": [ 100.0, 2.0, 102.0, 6.0 ] },
										"east": { "texture": "#skin", "uv": [ 102.0, 2.0, 104.0, 6.0 ] },
										"south": { "texture": "#skin", "uv": [ 104.0, 2.0, 106.0, 6.0 ] },
										"west": { "texture": "#skin", "uv": [ 106.0, 2.0, 108.0, 6.0 ] },
										"up": { "texture": "#skin", "uv": [ 100.0, 0.0, 102.0, 2.0 ] },
										"down": { "texture": "#skin", "uv": [ 102.0, 0.0, 104.0, 2.0 ] }
									},
									"children": [
										{
											"name": "Spike48",
											"from": [ 0.5, 3.0, 0.5 ],
											"to": [ 1.5, 7.0, 1.5 ],
											"uv": [ 100.0, 0.0 ],
											"rotationOrigin": [ 0.5, 3.0, 0.5 ],
											"rotationZ": -14.0,
											"faces": {
												"north": { "texture": "#skin", "uv": [ 100.0, 1.0, 101.0, 5.0 ] },
												"east": { "texture": "#skin", "uv": [ 101.0, 1.0, 102.0, 5.0 ] },
												"south": { "texture": "#skin", "uv": [ 102.0, 1.0, 103.0, 5.0 ] },
												"west": { "texture": "#skin", "uv": [ 103.0, 1.0, 104.0, 5.0 ] },
												"up": { "texture": "#skin", "uv": [ 100.0, 0.0, 101.0, 1.0 ] },
												"down": { "texture": "#skin", "uv": [ 101.0, 0.0, 102.0, 1.0 ] }
											}
										}
									]
								}
							]
						}
					],
					"attachmentpoints": [
						{
							"code": "rope",
							"posX": "0.0","posY": "0.0","posZ": "0.0",
							"rotationX": "0.0","rotationY": "0.0","rotationZ": "0.0"
						},
						{
							"code": "NeckAP",
							"posX": "0.0","posY": "0.0","posZ": "0.0",
							"rotationX": "0.0","rotationY": "0.0","rotationZ": "0.0"
						}
					]
				}
			]
		}
	],
	"animations": [
		{
			"name": "Walk",
			"code": "walk",
			"quantityframes": 60,
			"onActivityStopped": "EaseOut",
			"onAnimationEnd": "Repeat",
			"keyframes": [
				{
					"frame": 0,
					"elements": {
						"main": { "offsetX": 0.0, "offsetY": -0.22, "offsetZ": 0.0 },
						"Neck": { "rotationX": 0.0, "rotationY": 0.0, "rotationZ": 0.0 },
						"Head": { "rotationX": 0.0, "rotationY": 0.0, "rotationZ": 3.0 }
					}
				},
				{
					"frame": 15,
					"elements": {
						"main": { "offsetX": -0.88, "offsetY": 0.0, "offsetZ": 0.0 },
						"Neck": { "rotationX": 0.0, "rotationY": 0.0, "rotationZ": 3.0 },
						"Head": { "rotationX": 0.0, "rotationY": 0.0, "rotationZ": 0.0 }
					}
				},
				{
					"frame": 30,
					"elements": {
						"main": { "offsetX": 0.0, "offsetY": -0.22, "offsetZ": 0.0 },
						"Neck": { "rotationX": 0.0, "rotationY": 0.0, "rotationZ": 0.0 },
						"Head": { "rotationX": 0.0, "rotationY": 0.0, "rotationZ": 3.0 }
					}
				},
				{
					"frame": 45,
					"elements": {
						"main": { "offsetX": -0.88, "offsetY": 0.0, "offsetZ": 0.0 },
						"Neck": { "rotationX": 0.0, "rotationY": 0.0, "rotationZ": 3.0 },
						"Head": { "rotationX": 0.0, "rotationY": 0.0, "rotationZ": 0.0 }
					}
				}
			]
		},

		{
			"name": "Graze",
			"code": "graze",
			"quantityframes": 60,
			"onActivityStopped": "EaseOut",
			"onAnimationEnd": "Repeat",
			"keyframes": [
				{
					"frame": 0,
					"elements": {
						"main": { "offsetX": 0.0, "offsetY": -0.22, "offsetZ": 0.0 },
						"Neck": { "rotationX": 0.0, "rotationY": 0.0, "rotationZ": 25.0 },
						"Head": { "rotationX": 0.0, "rotationY": 0.0, "rotationZ": 3.0 },
						"Lower Jaw": { "rotationX": 0.0, "rotationY": 0.0, "rotationZ": 36.0 }
					}
				},
				{
					"frame": 15,
					"elements": {
						"main": { "offsetX": -0.88, "offsetY": 0.0, "offsetZ": 0.0 },
						"Neck": { "rotationX": 0.0, "rotationY": 0.0, "rotationZ": 28.0 },
						"Head": { "rotationX": 0.0, "rotationY": 0.0, "rotationZ": 0.0 },
						"Lower Jaw": { "rotationX": 0.0, "rotationY": 0.0, "rotationZ": 0.0 }
					}
				},
				{
					"frame": 30,
					"elements": {
						"main": { "offsetX": 0.0, "offsetY": -0.22, "offsetZ": 0.0 },
						"Neck": { "rotationX": 0.0, "rotationY": 0.0, "rotationZ": 25.0 },
						"Head": { "rotationX": 0.0, "rotationY": 0.0, "rotationZ": 3.0 },
						"Lower Jaw": { "rotationX": 0.0, "rotationY": 0.0, "rotationZ": 36.0 }
					}
				},
				{
					"frame": 45,
					"elements": {
						"main": { "offsetX": -0.88, "offsetY": 0.0, "offsetZ": 0.0 },
						"Neck": { "rotationX": 0.0, "rotationY": 0.0, "rotationZ": 28.0 },
						"Head": { "rotationX": 0.0, "rotationY": 0.0, "rotationZ": 0.0 },
						"Lower Jaw": { "rotationX": 0.0, "rotationY": 0.0, "rotationZ": 0.0 }
					}
				}
			]
		},

		{
			"name": "Gallop",
			"code": "gallop",
			"quantityframes": 60,
			"onActivityStopped": "EaseOut",
			"onAnimationEnd": "Repeat",
			"keyframes": [
				{
					"frame": 0,
					"elements": {
						"main": { "offsetX": -1.6, "offsetY": 0.0, "offsetZ": 0.0, "rotationX": 0.0, "rotationY": 0.0, "rotationZ": 0.0 },
						"Neck": { "rotationX": 0.0, "rotationY": 0.0, "rotationZ": -22.0 },
						"Head": { "rotationX": 0.0, "rotationY": 0.0, "rotationZ": 14.0 }
					}
				},
				{
					"frame": 15,
					"elements": {
						"main": { "offsetX": -0.8, "offsetY": 0.0, "offsetZ": 0.0, "rotationX": 0.0, "rotationY": 0.0, "rotationZ": -11.0 },
						"Neck": { "rotationX": 0.0, "rotationY": 0.0, "rotationZ": 0.0 },
						"Head": { "rotationX": 0.0, "rotationY": 0.0, "rotationZ": 14.0 }
					}
				},
				{
					"frame": 30,
					"elements": {
						"main": { "offsetX": 2.1334, "offsetY": 0.0, "offsetZ": 0.0, "rotationX": 0.0, "rotationY": 0.0, "rotationZ": 3.0 },
						"Neck": { "rotationX": 0.0, "rotationY": 0.0, "rotationZ": -8.0 },
						"Head": { "rotationX": 0.0, "rotationY": 0.0, "rotationZ": 0.0 }
					}
				},
				{
					"frame": 45,
					"elements": {
						"main": { "offsetX": -2.1334, "offsetY": 0.0, "offsetZ": 0.0, "rotationX": 0.0, "rotationY": 0.0, "rotationZ": 6.0 },
						"Neck": { "rotationX": 0.0, "rotationY": 0.0, "rotationZ": -25.0 },
						"Head": { "rotationX": 0.0, "rotationY": 0.0, "rotationZ": 14.0 }
					}
				}
			]
		},

		{
			"name": "Charge",
			"code": "charge",
			"quantityframes": 60,
			"onActivityStopped": "EaseOut",
			"onAnimationEnd": "Repeat",
			"keyframes": [
				{
					"frame": 0,
					"elements": {
						"main": { "offsetX": 0.0, "offsetY": 0.0, "offsetZ": 0.0 },
						"Neck": { "rotationX": 0.0, "rotationY": 0.0, "rotationZ": 19.0 },
						"Head": { "rotationX": 0.0, "rotationY": 0.0, "rotationZ": -3.0 },
						"Neck2": { "rotationX": 0.0, "rotationY": 0.0, "rotationZ": 14.0 }
					}
				},
				{
					"frame": 15,
					"elements": {
						"Neck": { "rotationX": 0.0, "rotationY": 0.0, "rotationZ": 17.0 }
					}
				},
				{
					"frame": 30,
					"elements": {
						"Neck": { "rotationX": 0.0, "rotationY": 0.0, "rotationZ": 19.0 }
					}
				},
				{
					"frame": 45,
					"elements": {
						"Neck": { "rotationX": 0.0, "rotationY": 0.0, "rotationZ": 17.0 }
					}
				}
			]
		},

		{
			"name": "Swim",
			"code": "swim",
			"quantityframes": 60,
			"onActivityStopped": "EaseOut",
			"onAnimationEnd": "Repeat",
			"keyframes": [
				{
					"frame": 0,
					"elements": {
						"main": { "offsetX": 0.0, "offsetY": 0.0, "offsetZ": 0.0 },
						"Neck": { "rotationX": 0.0, "rotationY": 0.0, "rotationZ": -6.0 },
						"Head": { "rotationX": 0.0, "rotationY": 0.0, "rotationZ": -6.0 },
						"Neck2": { "rotationX": 0.0, "rotationY": 0.0, "rotationZ": 14.0 }
					}
				},
				{
					"frame": 30,
					"elements": {
						"main": { "offsetX": -1.6, "offsetY": 0.0, "offsetZ": 0.0 },
						"Neck": { "rotationX": 0.0, "rotationY": 0.0, "rotationZ": -11.0 },
						"Head": { "rotationX": 0.0, "rotationY": 0.0, "rotationZ": -14.0 }
					}
				}
			]
		},

		{
			"name": "Idle",
			"code": "idle",
			"quantityframes": 60,
			"onActivityStopped": "EaseOut",
			"onAnimationEnd": "Repeat",
			"keyframes": [
				{
					"frame": 0,
					"elements": {
						"Head": { "rotationX": 0.0, "rotationY": 0.0, "rotationZ": 0.0 },
						"Neck": { "rotationX": 0.0, "rotationY": 0.0, "rotationZ": 0.0 }
					}
				},
				{
					"frame": 30,
					"elements": {
						"Head": { "rotationX": 0.0, "rotationY": 0.0, "rotationZ": -1.0 },
						"Neck": { "rotationX": 0.0, "rotationY": 0.0, "rotationZ": 2.0 }
					}
				}
			]
		},

		{
			"name": "Look",
			"code": "look",
			"quantityframes": 60,
			"onActivityStopped": "EaseOut",
			"onAnimationEnd": "Repeat",
			"keyframes": [
				{
					"frame": 0,
					"elements": {
						"Neck": { "rotationX": 0.0, "rotationY": 0.0, "rotationZ": 0.0 },
						"Head": { "rotationX": 0.0, "rotationY": 0.0, "rotationZ": 0.0 }
					}
				},
				{
					"frame": 30,
					"elements": {
						"Neck": { "rotationX": 0.0, "rotationY": 11.0, "rotationZ": 0.0 },
						"Head": { "rotationX": 0.0, "rotationY": 14.0, "rotationZ": 8.0 }
					}
				}
			]
		},

		{
			"name": "Sit",
			"code": "sit",
			"quantityframes": 30,
			"onActivityStopped": "EaseOut",
			"onAnimationEnd": "Repeat",
			"keyframes": [
				{
					"frame": 0,
					"elements": {
						"main": { "offsetX": 3.2, "offsetY": -16.2, "offsetZ": 0.0, "rotationX": 0.0, "rotationY": 0.0, "rotationZ": -17.0 },
						"Head": { "rotationX": 0.0, "rotationY": 0.0, "rotationZ": -6.0 },
						"Lower Jaw": { "rotationX": 0.0, "rotationY": 0.0, "rotationZ": 0.0 }
					}
				},
				{
					"frame": 6,
					"elements": {
						"Lower Jaw": { "rotationX": 0.0, "rotationY": 0.0, "rotationZ": 5.0 }
					}
				},
				{
					"frame": 15,
					"elements": {
						"Neck": { "rotationX": 0.0, "rotationY": 0.0, "rotationZ": 17.0 },
						"Head": { "rotationX": 0.0, "rotationY": 0.0, "rotationZ": 0.0 },
						"Lower Jaw": { "rotationX": 0.0, "rotationY": 0.0, "rotationZ": 0.0 },
						"Neck2": { "rotationX": 0.0, "rotationY": 0.0, "rotationZ": 11.0 }
					}
				}
			]
		},

		{
			"name": "Sleep",
			"code": "sleep",
			"quantityframes": 60,
			"onActivityStopped": "EaseOut",
			"onAnimationEnd": "Repeat",
			"keyframes": [
				{
					"frame": 0,
					"elements": {
						"main": { "offsetX": 0.0, "offsetY": -19.0, "offsetZ": 0.0 },
						"Neck": { "rotationX": -6.0, "rotationY": -3.0, "rotationZ": 22.0 },
						"Head": { "rotationX": -53.0, "rotationY": 6.0, "rotationZ": 3.0 },
						"Lower Jaw": { "rotationX": 0.0, "rotationY": 0.0, "rotationZ": 0.0 },
						"EyeL": { "offsetX": 0.0, "offsetY": 0.0, "offsetZ": -2.4 },
						"Crown35": { "offsetX": 0.0, "offsetY": 0.0, "offsetZ": 0.0 },
						"EyeR": { "offsetX": 0.0, "offsetY": 0.0, "offsetZ": 1.2 }
					}
				},
				{
					"frame": 30,
					"elements": {
						"Lower Jaw": { "rotationX": 0.0, "rotationY": 0.0, "rotationZ": -5.0 }
					}
				}
			]
		},

		{
			"name": "Die",
			"code": "die",
			"quantityframes": 60,
			"onActivityStopped": "EaseOut",
			"onAnimationEnd": "Hold",
			"keyframes": [
				{
					"frame": 0,
					"elements": {
						"main": { "offsetX": 0.0, "offsetY": 0.0, "offsetZ": 0.0, "rotationX": 0.0, "rotationY": 0.0, "rotationZ": 0.0 },
						"Neck": { "rotationX": 0.0, "rotationY": 0.0, "rotationZ": 0.0 },
						"Lower Jaw": { "rotationX": 0.0, "rotationY": 0.0, "rotationZ": 0.0 },
						"Head": { "rotationX": 0.0, "rotationY": 0.0, "rotationZ": 0.0 }
					}
				},
				{
					"frame": 10,
					"elements": {
						"main": { "offsetX": 0.0, "offsetY": 1.6, "offsetZ": 0.0, "rotationX": 0.0, "rotationY": 0.0, "rotationZ": -25.0 },
						"Head": { "rotationX": 0.0, "rotationY": 0.0, "rotationZ": 8.0 },
						"Neck": { "rotationX": 0.0, "rotationY": 28.0, "rotationZ": -15.0 }
					}
				},
				{
					"frame": 15,
					"elements": {
						"Neck": { "rotationX": -25.0, "rotationY": 3.0, "rotationZ": -22.5 },
						"main": { "rotationX": -19.0, "rotationY": 0.0, "rotationZ": -25.0 }
					}
				},
				{
					"frame": 25,
					"elements": {
						"main": { "rotationX": -80.5333, "rotationY": 0.0, "rotationZ": -8.5333 },
						"Lower Jaw": { "rotationX": 0.0, "rotationY": 0.0, "rotationZ": 30.0 }
					}
				},
				{
					"frame": 30,
					"elements": {
						"main": { "offsetX": 1.6, "offsetY": 0.0, "offsetZ": -4.0, "rotationX": -90.0, "rotationY": 0.0, "rotationZ": -6.0 },
						"Neck": { "rotationX": 0.0, "rotationY": -22.0, "rotationZ": -30.0 },
						"Lower Jaw": { "rotationX": 0.0, "rotationY": 0.0, "rotationZ": 47.0 },
						"Head": { "rotationX": 0.0, "rotationY": 0.0, "rotationZ": 7.3469 }
					}
				},
				{
					"frame": 59,
					"elements": {
						"main": { "offsetX": 1.6, "offsetY": 0.0, "offsetZ": -4.0, "rotationX": -90.0, "rotationY": 0.0, "rotationZ": -6.0 },
						"Neck": { "rotationX": 0.0, "rotationY": -22.0, "rotationZ": -30.0 },
						"Head": { "rotationX": 0.0, "rotationY": 0.0, "rotationZ": 7.35 },
						"Lower Jaw": { "rotationX": 0.0, "rotationY": 0.0, "rotationZ": 47.0 }
					}
				}
			]
		},

		{
			"name": "Hurt",
			"code": "hurt",
			"quantityframes": 30,
			"onActivityStopped": "EaseOut",
			"onAnimationEnd": "EaseOut",
			"keyframes": [
				{
					"frame": 0,
					"elements": {
						"Neck": { "rotationX": 0.0, "rotationY": 0.0, "rotationZ": 0.0 },
						"Head": { "rotationX": 0.0, "rotationY": 0.0, "rotationZ": 0.0 },
						"Lower Jaw": { "rotationX": 0.0, "rotationY": 0.0, "rotationZ": 0.0 }
					}
				},
				{
					"frame": 10,
					"elements": {
						"Head": { "rotationX": 0.0, "rotationY": 0.0, "rotationZ": 11.0 },
						"Neck": { "rotationX": 0.0, "rotationY": 0.0, "rotationZ": -3.0 },
						"Lower Jaw": { "rotationX": 0.0, "rotationY": 0.0, "rotationZ": 42.0 }
					}
				}
			]
		},

		{
			"name": "Eat",
			"code": "eat",
			"quantityframes": 60,
			"onActivityStopped": "EaseOut",
			"onAnimationEnd": "Repeat",
			"keyframes": [
				{
					"frame": 0,
					"elements": {
						"Head": { "rotationX": 0.0, "rotationY": 0.0, "rotationZ": 0.0 },
						"Lower Jaw": { "rotationX": 0.0, "rotationY": 0.0, "rotationZ": 0.0 },
						"Neck": { "rotationX": 0.0, "rotationY": 0.0, "rotationZ": 0.0 }
					}
				},
				{
					"frame": 10,
					"elements": {
						"Head": { "rotationX": 0.0, "rotationY": -22.0, "rotationZ": 0.0 },
						"Neck": { "rotationX": 0.0, "rotationY": 0.0, "rotationZ": 17.0 }
					}
				},
				{
					"frame": 15,
					"elements": {
						"Neck": { "rotationX": 0.0, "rotationY": 0.0, "rotationZ": 17.0 },
						"Head": { "rotationX": 0.0, "rotationY": -11.0, "rotationZ": 0.0 },
						"Lower Jaw": { "rotationX": 0.0, "rotationY": 0.0, "rotationZ": 25.0 }
					}
				},
				{
					"frame": 20,
					"elements": {
						"Lower Jaw": { "rotationX": 0.0, "rotationY": 0.0, "rotationZ": 0.0 },
						"Neck": { "rotationX": 0.0, "rotationY": 0.0, "rotationZ": 17.0 },
						"Head": { "rotationX": 0.0, "rotationY": 0.0, "rotationZ": 0.0 }
					}
				},
				{
					"frame": 25,
					"elements": {
						"Lower Jaw": { "rotationX": 0.0, "rotationY": 0.0, "rotationZ": 25.0 },
						"Neck": { "rotationX": 0.0, "rotationY": 0.0, "rotationZ": 17.0 },
						"Head": { "rotationX": 0.0, "rotationY": 11.0, "rotationZ": 0.0 }
					}
				},
				{
					"frame": 30,
					"elements": {
						"Lower Jaw": { "rotationX": 0.0, "rotationY": 0.0, "rotationZ": 0.0 },
						"Neck": { "rotationX": 0.0, "rotationY": 0.0, "rotationZ": 17.0 },
						"Head": { "rotationX": 0.0, "rotationY": 22.0, "rotationZ": 0.0 }
					}
				},
				{
					"frame": 43,
					"elements": {
						"Neck2": { "rotationX": 0.0, "rotationY": 0.0, "rotationZ": 11.0 }
					}
				}
			]
		},

		{
			"name": "Lie",
			"code": "lie",
			"quantityframes": 30,
			"onActivityStopped": "EaseOut",
			"onAnimationEnd": "Repeat",
			"keyframes": [
				{
					"frame": 0,
					"elements": {
						"main": { "offsetX": 0.0, "offsetY": -19.0, "offsetZ": 0.0 },
						"Neck": { "rotationX": 0.0, "rotationY": 0.0, "rotationZ": -8.0 }
					}
				}
			]
		},

		{
			"name": "Roar",
			"code": "roar",
			"quantityframes": 30,
			"onActivityStopped": "PlayTillEnd",
			"onAnimationEnd": "EaseOut",
			"keyframes": [
				{
					"frame": 0,
					"elements": {
						"Neck": { "rotationX": 0.0, "rotationY": 0.0, "rotationZ": 0.0 },
						"Head": { "rotationX": 0.0, "rotationY": 0.0, "rotationZ": 0.0 },
						"Lower Jaw": { "rotationX": 0.0, "rotationY": 0.0, "rotationZ": 0.0 }
					}
				},
				{
					"frame": 9,
					"elements": {
						"Lower Jaw": { "rotationX": 0.0, "rotationY": 0.0, "rotationZ": 0.0 },
						"Head": { "rotationX": 0.0, "rotationY": 0.0, "rotationZ": 0.0 },
						"Neck": { "rotationX": 0.0, "rotationY": 0.0, "rotationZ": -10.0 }
					}
				},
				{
					"frame": 15,
					"elements": {
						"Lower Jaw": { "rotationX": 0.0, "rotationY": 0.0, "rotationZ": 25.0 },
						"Head": { "rotationX": 0.0, "rotationY": 0.0, "rotationZ": 0.0 },
						"Neck": { "rotationX": 0.0, "rotationY": 0.0, "rotationZ": -1.0 }
					}
				}
			]
		},

		{
			"name": "Alert",
			"code": "alert",
			"quantityframes": 30,
			"onActivityStopped": "EaseOut",
			"onAnimationEnd": "EaseOut",
			"keyframes": [
				{
					"frame": 0,
					"elements": {
						"Neck": { "rotationX": 0.0, "rotationY": 0.0, "rotationZ": 0.0 },
						"Head": { "rotationX": 0.0, "rotationY": -1.0, "rotationZ": 0.0 }
					}
				},
				{
					"frame": 15,
					"elements": {
						"Head": { "rotationX": 0.0, "rotationY": 1.0, "rotationZ": 0.0 },
						"Neck": { "rotationX": 0.0, "rotationY": 0.0, "rotationZ": 1.0 }
					}
				}
			]
		},

		{
			"name": "Attack",
			"code": "attack",
			"quantityframes": 30,
			"onActivityStopped": "PlayTillEnd",
			"onAnimationEnd": "EaseOut",
			"keyframes": [
				{
					"frame": 0,
					"elements": {
						"Head": { "rotationX": 0.0, "rotationY": 0.0, "rotationZ": 0.0 },
						"Neck": { "rotationX": 0.0, "rotationY": 0.0, "rotationZ": 0.0 },
						"Neck2": { "rotationX": 0.0, "rotationY": 0.0, "rotationZ": 0.0 }
					}
				},
				{
					"frame": 10,
					"elements": {
						"Neck": { "rotationX": 0.0, "rotationY": 0.0, "rotationZ": 22.0 },
						"Head": { "rotationX": 0.0, "rotationY": 0.0, "rotationZ": -8.0 },
						"Neck2": { "rotationX": 0.0, "rotationY": 0.0, "rotationZ": 14.0 }
					}
				},
				{
					"frame": 15,
					"elements": {
						"Neck": { "rotationX": 0.0, "rotationY": 0.0, "rotationZ": -14.0 },
						"Head": { "rotationX": 0.0, "rotationY": 0.0, "rotationZ": 3.0 },
						"Neck2": { "rotationX": 0.0, "rotationY": 0.0, "rotationZ": -14.0 }
					}
				}
			]
		},

		{
			"name": "Trot",
			"code": "trot",
			"quantityframes": 60,
			"onActivityStopped": "EaseOut",
			"onAnimationEnd": "Repeat",
			"keyframes": [
				{
					"frame": 0,
					"elements": {
						"main": { "offsetX": 0.0, "offsetY": 0.0, "offsetZ": 0.0 },
						"Neck": { "rotationX": 0.0, "rotationY": 0.0, "rotationZ": 0.0 },
						"Head": { "rotationX": 0.0, "rotationY": 0.0, "rotationZ": 0.0 }
					}
				},
				{
					"frame": 15,
					"elements": {
						"Neck": { "rotationX": 0.0, "rotationY": 0.0, "rotationZ": -5.0 }
					}
				},
				{
					"frame": 30,
					"elements": {
						"Neck": { "rotationX": 0.0, "rotationY": 0.0, "rotationZ": 0.0 }
					}
				},
				{
					"frame": 45,
					"elements": {
						"Neck": { "rotationX": 0.0, "rotationY": 0.0, "rotationZ": -5.0 }
					}
				}
			]
		}
	]
}